# Image point observations
# 2D pixel coordinates of GCPs in each image
# Origin: top-left of image (matches OpenCV convention)
# x increases rightward, y increases downward
# Units: pixels
# Columns: point_id  image_name  x  y

1065	IMG_0321	223.971		1803.579
1066	IMG_0321	240.865		1657.605
1067	IMG_0321	327.918		1636.140
1069	IMG_0321	549.176		424.973
1070	IMG_0321	493.523		1065.970
1071	IMG_0321	519.869		875.461
1072	IMG_0321	579.258		336.449
1073	IMG_0321	484.155		1306.851
1074	IMG_0321	426.060		2010.499
1075	IMG_0321	448.969		1841.576
1076	IMG_0321	569.526		1110.167
1077	IMG_0321	699.656		791.154
1078	IMG_0321	748.504		636.612
1079	IMG_0321	744.299		889.997
1080	IMG_0321	783.467		428.082
1081	IMG_0321	706.139		1316.263
1082	IMG_0321	689.619		1831.244
1083	IMG_0321	712.404		1674.311
1084	IMG_0321	841.142		1379.891
1085	IMG_0321	812.827		2040.926
1086	IMG_0321	994.459		419.945
1087	IMG_0321	965.289		877.934
1088	IMG_0321	1020.003	213.520
1089	IMG_0321	950.120		1088.977
1090	IMG_0321	934.212		1335.010
1091	IMG_0321	914.399		1846.833
1092	IMG_0321	914.577		2117.045
1093	IMG_0321	1059.383	998.720
1094	IMG_0321	1211.035	417.613
1095	IMG_0321	1209.911	631.582
1096	IMG_0321	1195.049	896.019
1097	IMG_0321	1166.974	1338.567
1098	IMG_0321	1150.292	1841.566
1099	IMG_0321	1178.503	1670.184
1100	IMG_0321	1204.285	1604.545
1101	IMG_0321	1328.770	505.988
1102	IMG_0321	1446.236	239.651
1103	IMG_0321	1453.187	420.535
1104	IMG_0321	1433.024	896.452
1105	IMG_0321	1408.772	1340.144
1106	IMG_0321	1425.702	1133.940
1107	IMG_0321	1386.281	1863.028
1108	IMG_0321	1389.045	2135.185
1109	IMG_0321	1509.548	1908.118
1110	IMG_0321	1571.271	1001.419
1111	IMG_0321	1665.127	638.683
1112	IMG_0321	1679.048	419.689
1113	IMG_0321	1635.031	1338.412
1114	IMG_0321	1684.029	890.539
1115	IMG_0321	1631.646	1865.295
1116	IMG_0321	1651.507	1699.493
1117	IMG_0321	1749.073	1444.644
1118	IMG_0321	1824.300	356.390
1119	IMG_0321	1909.270	230.622
1120	IMG_0321	1903.473	425.871
1121	IMG_0321	1892.008	902.836
1122	IMG_0321	1872.139	1362.071
1123	IMG_0321	1889.745	1134.218
1124	IMG_0321	1872.626	1890.843
1125	IMG_0321	1856.845	2159.153
1126	IMG_0321	2109.992	753.086
1127	IMG_0321	2130.722	455.495
1128	IMG_0321	2122.992	643.868
1129	IMG_0321	2120.000	911.000
1130	IMG_0321	2106.996	1344.352
1131	IMG_0321	2118.000	1889.000
1132	IMG_0321	2130.775	1724.434
1133	IMG_0321	2247.094	2081.854
1134	IMG_0321	2289.644	1275.555
1135	IMG_0321	2383.177	292.936
1136	IMG_0321	2379.008	452.286
1137	IMG_0321	2354.912	1149.911
1138	IMG_0321	2362.349	1369.392
1139	IMG_0321	2344.889	1925.604
1140	IMG_0321	2337.800	2174.931
1141	IMG_0321	2380.799	905.218
1142	IMG_0321	2565.614	549.769
1143	IMG_0321	2544.403	1798.748
1145	IMG_0321	2619.715	916.753
1146	IMG_0321	2645.048	1704.674
1147	IMG_0321	2685.828	1016.813
1148	IMG_0321	2672.656	1378.998
2000	IMG_0321	2845.000	1217.000
2001	IMG_0321	2838.000	1589.000
2002	IMG_0321	2836.000	1912.000
2003	IMG_0321	2870.000	365.000
2004	IMG_0321	2861.000	813.000
2005	IMG_0321	2854.000	1306.000
2006	IMG_0321	2863.000	1747.000
2007	IMG_0321	2872.000	1870.000
2008	IMG_0321	2907.000	635.000
2009	IMG_0321	2929.000	243.000
2010	IMG_0321	2910.000	1261.000
2011	IMG_0321	2915.000	992.000
2012	IMG_0321	2926.000	477.000
2013	IMG_0321	2923.000	712.000
2014	IMG_0321	2908.000	1911.000
2015	IMG_0321	2909.000	2163.000
2016	IMG_0321	2937.000	1347.000
2017	IMG_0321	2996.000	96.000
2018	IMG_0321	2979.000	1241.000
2019	IMG_0321	2988.000	611.000
2020	IMG_0321	2975.000	1888.000
2021	IMG_0321	2979.000	1565.000
2022	IMG_0321	3011.156	1683.612
2023	IMG_0321	3031.000	124.000
2024	IMG_0321	3057.000	231.000
2026	IMG_0321	3057.483	2245.629
2027	IMG_0321	3063.000	802.000
2028	IMG_0321	3059.551	1901.246
2029	IMG_0321	3064.520	1143.625
2030	IMG_0321	3072.000	477.000
2031	IMG_0321	3084.202	2097.868
2032	IMG_0321	3090.000	606.000
2033	IMG_0321	3155.000	350.000
2034	IMG_0321	3153.963	1067.819
2035	IMG_0321	3152.752	1499.875
2036	IMG_0321	3154.535	1900.193
2037	IMG_0321	3161.466	1338.534
2039	IMG_0321	3253.347	179.715
2044	IMG_0321	3761.441	2199.438
2045	IMG_0321	3758.001	581.759
3001	IMG_0321	2663.000	2329.000
3002	IMG_0321	2762.000	2586.000
3004	IMG_0321	2261.000	2307.000
3005	IMG_0321	2001.000	2541.000
3007	IMG_0321	1800.000	2280.000
3008	IMG_0321	1480.000	2521.000
3010	IMG_0321	1303.000	2252.000
3011	IMG_0321	641.000		2465.000
4004	IMG_0321	1234.122	220.109
4005	IMG_0321	1676.815	225.607
4006	IMG_0321	2166.501	252.242
4008	IMG_0321	540.050		636.285
4009	IMG_0321	969.577		634.501
4010	IMG_0321	1452.810	645.094
4011	IMG_0321	1893.453	648.838
4012	IMG_0321	2362.436	650.143
4015	IMG_0321	728.799		1105.880
4016	IMG_0321	1179.183	1124.808
4017	IMG_0321	1676.056	1143.563
4018	IMG_0321	2131.583	1146.194
4019	IMG_0321	2602.907	1154.507
4021	IMG_0321	469.543		1625.309
4022	IMG_0321	938.669		1636.617
4023	IMG_0321	1412.478	1650.821
4025	IMG_0321	2370.820	1697.802
4027	IMG_0321	255.798		2003.301
4028	IMG_0321	642.316		2029.954
4029	IMG_0321	1180.331	2036.526
4030	IMG_0321	1650.653	2084.084
4031	IMG_0321	2098.873	2098.741
4032	IMG_0321	2597.921	2131.885
5019	IMG_0321	2665.570	456.512
5026	IMG_0321	2647.281	643.481
5078	IMG_0321	2557.711	1911.044
5079	IMG_0321	2770.885	1934.979
6003	IMG_0321	2874.000	537.000
6004	IMG_0321	2994.000	345.000
6005	IMG_0321	3131.000	79.000
6010	IMG_0321	2859.000	1052.000
6011	IMG_0321	2981.000	925.000
6012	IMG_0321	3157.914	703.125
6016	IMG_0321	2906.000	1585.000
6018	IMG_0321	3831.746	1142.509
6021	IMG_0321	2843.000	2137.000
6022	IMG_0321	2978.000	2198.000
6023	IMG_0321	3147.810	2295.134
6024	IMG_0321	3880.027	2659.101
7001	IMG_0321	2686.000	2444.000
7002	IMG_0321	2977.742	2895.952
7003	IMG_0321	2112.000	2415.000
7004	IMG_0321	1930.410	2795.432
7005	IMG_0321	1425.000	2371.000
7006	IMG_0321	758.575		2723.957
7007	IMG_0321	767.000		2244.000
7008	IMG_0321	499.000		2320.000
7009	IMG_0321	30.000		2443.000
7012	IMG_0321	185.000		2215.000
1086	IMG_0322	393.657		2993.382
1087	IMG_0322	922.310		2998.621
1088	IMG_0322	151.311		2974.583
1089	IMG_0322	1159.994	3001.175
1090	IMG_0322	1431.156	3001.662
1091	IMG_0322	1973.986	2986.975
1092	IMG_0322	2248.690	2968.114
1093	IMG_0322	1060.762	2885.183
1094	IMG_0322	396.859		2747.088
1095	IMG_0322	646.026		2737.767
1096	IMG_0322	948.037		2740.111
1097	IMG_0322	1437.920	2745.780
1098	IMG_0322	1968.255	2734.150
1099	IMG_0322	1790.938	2714.034
1100	IMG_0322	1722.137	2689.908
1101	IMG_0322	503.780		2609.599
1102	IMG_0322	195.930		2487.919
1103	IMG_0322	408.515		2473.210
1104	IMG_0322	954.097		2476.199
1105	IMG_0322	1442.816	2483.214
1106	IMG_0322	1218.256	2474.069
1107	IMG_0322	1990.038	2482.972
1108	IMG_0322	2261.919	2467.930
1109	IMG_0322	2035.239	2351.623
1110	IMG_0322	1074.564	2320.694
1111	IMG_0322	668.235		2229.545
1112	IMG_0322	416.211		2220.169
1113	IMG_0322	1443.914	2240.122
1114	IMG_0322	953.701		2201.308
1115	IMG_0322	1992.099	2225.812
1116	IMG_0322	1823.607	2210.461
1117	IMG_0322	1558.612	2115.394
1118	IMG_0322	348.132		2060.550
1119	IMG_0322	205.206		1968.858
1120	IMG_0322	432.303		1971.945
1121	IMG_0322	972.662		1975.813
1122	IMG_0322	1472.720	1987.479
1123	IMG_0322	1227.231	1973.825
1124	IMG_0322	2016.967	1976.252
1125	IMG_0322	2279.000	1986.000
1126	IMG_0322	812.161		1743.906
1127	IMG_0322	476.044		1723.881
1128	IMG_0322	690.039		1730.767
1129	IMG_0322	989.206		1731.401
1130	IMG_0322	1457.097	1742.200
1131	IMG_0322	2013.000	1724.000
1132	IMG_0322	1848.000	1714.000
1133	IMG_0322	2199.527	1600.139
1134	IMG_0322	1386.413	1553.981
1135	IMG_0322	300.356		1451.685
1136	IMG_0322	482.878		1457.228
1137	IMG_0322	1253.312	1486.560
1138	IMG_0322	1486.351	1480.416
1139	IMG_0322	2047.429	1502.931
1140	IMG_0322	2286.584	1512.629
1141	IMG_0322	988.816		1458.420
1142	IMG_0322	600.704		1261.807
1143	IMG_0322	1921.254	1305.700
1145	IMG_0322	1007.776	1212.556
1146	IMG_0322	1827.987	1205.784
1147	IMG_0322	1117.290	1147.668
1148	IMG_0322	1498.454	1170.206
2000	IMG_0322	1334.000	994.000
2001	IMG_0322	1712.000	1014.000
2002	IMG_0322	2030.000	1027.000
2003	IMG_0322	408.000		940.000
2004	IMG_0322	904.000		964.000
2005	IMG_0322	1427.000	989.000
2006	IMG_0322	1871.000	996.000
2007	IMG_0322	1991.000	994.000
2008	IMG_0322	713.000		914.000
2009	IMG_0322	278.000		878.000
2010	IMG_0322	1386.000	935.000
2011	IMG_0322	1104.000	921.000
2012	IMG_0322	540.000		891.000
2013	IMG_0322	804.000		902.000
2014	IMG_0322	2035.000	962.000
2015	IMG_0322	2274.000	971.000
2016	IMG_0322	1476.000	913.000
2017	IMG_0322	119.000		808.000
2018	IMG_0322	1373.000	872.000
2019	IMG_0322	699.000		836.000
2020	IMG_0322	2019.000	902.000
2021	IMG_0322	1704.000	885.000
2022	IMG_0322	1822.000	862.000
2023	IMG_0322	158.000		776.000
2024	IMG_0322	284.000		754.000
2026	IMG_0322	2364.000	844.000
2027	IMG_0322	918.000		774.000
2028	IMG_0322	2039.000	828.000
2029	IMG_0322	1280.000	789.000
2030	IMG_0322	563.000		751.000
2031	IMG_0322	2226.000	815.000
2032	IMG_0322	709.000		739.000
2033	IMG_0322	440.679		668.902
2034	IMG_0322	1210.000	703.000
2035	IMG_0322	1655.176	727.235
2036	IMG_0322	2047.195	745.237
2037	IMG_0322	1492.566	710.896
2039	IMG_0322	253.000		565.000
2044	IMG_0322	2380.667	231.161
2045	IMG_0322	767.118		116.201
3001	IMG_0322	2428.000	1205.000
3002	IMG_0322	2698.000	1136.000
3003	IMG_0322	3538.451	799.621
3004	IMG_0322	2416.000	1589.000
3005	IMG_0322	2677.000	1864.000
3006	IMG_0322	3597.831	2365.572
3007	IMG_0322	2400.000	2045.000
3008	IMG_0322	2675.000	2387.000
3010	IMG_0322	2380.000	2553.000
4004	IMG_0322	165.465		2729.506
4005	IMG_0322	188.607		2228.247
4006	IMG_0322	242.657		1686.001
4009	IMG_0322	642.000		3009.000
4010	IMG_0322	668.756		2464.952
4011	IMG_0322	687.364		1978.992
4012	IMG_0322	705.769		1476.218
4016	IMG_0322	1203.732	2744.856
4017	IMG_0322	1233.143	2202.620
4018	IMG_0322	1244.990	1718.224
4019	IMG_0322	1262.549	1234.487
4022	IMG_0322	1752.000	2975.000
4023	IMG_0322	1771.835	2465.164
4025	IMG_0322	1821.000	1474.000
4029	IMG_0322	2165.571	2691.335
4030	IMG_0322	2208.995	2199.480
4031	IMG_0322	2217.680	1746.555
4032	IMG_0322	2241.122	1261.659
5019	IMG_0322	499.863		1155.644
5026	IMG_0322	708.756		1178.611
5078	IMG_0322	2030.645	1295.366
5079	IMG_0322	2051.176	1091.381
6003	IMG_0322	600.000		941.000
6004	IMG_0322	403.000		822.000
6005	IMG_0322	121.000		675.000
6010	IMG_0322	1162.000	975.000
6011	IMG_0322	1042.000	858.000
6012	IMG_0322	823.000		682.000
6013	IMG_0322	112.000		65.000
6016	IMG_0322	1717.000	953.000
6018	IMG_0322	1363.212	93.610
6021	IMG_0322	2246.000	1029.000
6022	IMG_0322	2313.000	911.000
6023	IMG_0322	2417.547	768.565
6024	IMG_0322	2808.573	156.485
7001	IMG_0322	2549.000	1190.000
7002	IMG_0322	3011.321	970.668
7003	IMG_0322	2539.000	1745.000
7004	IMG_0322	2953.101	1956.962
7005	IMG_0322	2513.000	2434.000
1065	IMG_0323	100.582		2264.052
1066	IMG_0323	106.710		2112.329
1067	IMG_0323	196.344		2085.425
1069	IMG_0323	341.973		801.703
1070	IMG_0323	329.106		1483.097
1071	IMG_0323	343.547		1281.107
1072	IMG_0323	367.636		705.000
1073	IMG_0323	336.459		1736.068
1074	IMG_0323	326.823		2467.497
1075	IMG_0323	338.229		2292.845
1076	IMG_0323	412.361		1525.657
1077	IMG_0323	528.095		1184.768
1078	IMG_0323	569.445		1020.686
1079	IMG_0323	582.050		1288.004
1080	IMG_0323	592.044		798.023
1081	IMG_0323	570.349		1736.216
1082	IMG_0323	587.508		2270.423
1083	IMG_0323	600.723		2107.496
1084	IMG_0323	715.487		1795.520
1085	IMG_0323	729.122		2478.528
1086	IMG_0323	815.117		783.137
1087	IMG_0323	814.053		1267.050
1088	IMG_0323	828.527		562.633
1089	IMG_0323	811.434		1488.307
1090	IMG_0323	809.993		1745.308
1091	IMG_0323	821.443		2275.266
1092	IMG_0323	839.047		2551.900
1093	IMG_0323	919.957		1388.929
1094	IMG_0323	1043.163	774.757
1095	IMG_0323	1055.285	1000.152
1096	IMG_0323	1055.636	1277.197
1097	IMG_0323	1052.194	1738.396
1098	IMG_0323	1064.247	2257.989
1099	IMG_0323	1083.150	2080.412
1100	IMG_0323	1105.810	2010.741
1101	IMG_0323	1171.903	863.849
1102	IMG_0323	1278.253	580.919
1103	IMG_0323	1296.404	771.555
1104	IMG_0323	1303.087	1269.033
1105	IMG_0323	1301.834	1728.729
1106	IMG_0323	1308.436	1515.035
1107	IMG_0323	1307.111	2268.038
1108	IMG_0323	1325.578	2545.348
1109	IMG_0323	1435.246	2307.288
1110	IMG_0323	1451.417	1371.702
1111	IMG_0323	1528.575	994.088
1112	IMG_0323	1529.000	764.000
1113	IMG_0323	1534.324	1716.607
1114	IMG_0323	1561.811	1253.932
1115	IMG_0323	1557.454	2258.057
1116	IMG_0323	1569.073	2087.284
1117	IMG_0323	1655.860	1819.973
1118	IMG_0323	1676.685	694.686
1119	IMG_0323	1757.167	561.878
1120	IMG_0323	1761.819	766.349
1121	IMG_0323	1774.691	1259.431
1122	IMG_0323	1777.210	1730.524
1124	IMG_0323	1803.204	2272.289
1125	IMG_0323	1800.452	2545.495
1126	IMG_0323	1988.095	1098.650
1127	IMG_0323	1994.619	791.900
1128	IMG_0323	1995.000	986.000
1129	IMG_0323	2006.745	1261.804
1130	IMG_0323	2013.537	1702.882
1131	IMG_0323	2051.978	2259.157
1132	IMG_0323	2055.412	2090.037
1133	IMG_0323	2187.519	2446.567
1134	IMG_0323	2193.427	1625.213
1135	IMG_0323	2242.370	616.834
1136	IMG_0323	2245.351	782.196
1137	IMG_0323	2252.793	1495.977
1138	IMG_0323	2270.550	1718.687
1139	IMG_0323	2278.284	2284.722
1140	IMG_0323	2281.565	2536.008
1141	IMG_0323	2267.275	1246.787
1142	IMG_0323	2436.488	877.450
1143	IMG_0323	2470.177	2146.511
1145	IMG_0323	2505.767	1251.685
1146	IMG_0323	2565.471	2048.264
1147	IMG_0323	2575.494	1350.505
1148	IMG_0323	2578.432	1717.731
2000	IMG_0323	2744.000	1562.000
2001	IMG_0323	2752.000	1937.000
2002	IMG_0323	2764.000	2265.000
2003	IMG_0323	2737.000	704.000
2004	IMG_0323	2744.000	1162.000
2005	IMG_0323	2757.000	1663.000
2006	IMG_0323	2787.000	2117.000
2007	IMG_0323	2800.000	2244.000
2008	IMG_0323	2787.000	1009.000
2009	IMG_0323	2798.000	621.000
2010	IMG_0323	2818.000	1661.000
2011	IMG_0323	2812.000	1390.000
2012	IMG_0323	2803.000	865.000
2013	IMG_0323	2809.000	1109.000
2014	IMG_0323	2843.000	2320.000
2015	IMG_0323	2853.000	2572.000
2016	IMG_0323	2852.000	1767.000
2017	IMG_0323	2867.000	521.000
2018	IMG_0323	2894.370	1696.604
2019	IMG_0323	2878.000	1056.000
2020	IMG_0323	2916.000	2350.000
2021	IMG_0323	2907.953	2028.371
2022	IMG_0323	2946.384	2165.554
2023	IMG_0323	2906.000	575.000
2024	IMG_0323	2941.497	718.191
2025	IMG_0323	2935.000	422.000
2026	IMG_0323	3017.000	2768.000
2027	IMG_0323	2969.005	1313.464
2028	IMG_0323	3008.779	2427.717
2029	IMG_0323	2983.658	1663.115
2030	IMG_0323	2966.582	982.883
2031	IMG_0323	3041.471	2637.354
2032	IMG_0323	2991.009	1130.762
2033	IMG_0323	3053.771	923.811
2034	IMG_0323	3079.628	1658.409
2035	IMG_0323	3096.028	2097.322
2036	IMG_0323	3112.963	2501.890
2037	IMG_0323	3098.259	1934.908
2038	IMG_0323	3148.312	451.258
2039	IMG_0323	3157.124	822.928
2040	IMG_0323	3141.827	136.646
2041	IMG_0323	3520.967	468.929
2042	IMG_0323	3552.754	705.342
2045	IMG_0323	3729.774	1643.108
;2048	IMG_0323	4028.000	100.000
3001	IMG_0323	2613.323	2703.850
3004	IMG_0323	2217.022	2705.736
3007	IMG_0323	1755.185	2703.847
3010	IMG_0323	1250.215	2696.704
4004	IMG_0323	1054.958	564.744
4005	IMG_0323	1517.377	561.322
4006	IMG_0323	2021.027	579.161
4008	IMG_0323	347.781		1027.034
4009	IMG_0323	803.028		1010.912
4010	IMG_0323	1309.184	1006.885
4011	IMG_0323	1763.199	998.272
4012	IMG_0323	2237.335	986.936
4015	IMG_0323	580.035		1515.074
4016	IMG_0323	1052.542	1516.189
4017	IMG_0323	1566.461	1514.525
4018	IMG_0323	2028.764	1499.706
4019	IMG_0323	2499.499	1493.047
4021	IMG_0323	343.760		2068.351
4022	IMG_0323	833.190		2057.491
4023	IMG_0323	1322.193	2048.982
4025	IMG_0323	2293.847	2052.434
4027	IMG_0323	150.177		2474.330
4028	IMG_0323	552.240		2476.758
4029	IMG_0323	1106.713	2455.844
4030	IMG_0323	1588.258	2480.029
4031	IMG_0323	2040.440	2471.780
4032	IMG_0323	2536.209	2479.607
5019	IMG_0323	2532.838	779.542
5026	IMG_0323	2522.014	972.164
5078	IMG_0323	2488.015	2259.897
5079	IMG_0323	2697.901	2274.259
6003	IMG_0323	2749.000	886.000
6004	IMG_0323	2873.000	783.000
6005	IMG_0323	3020.033	622.725
6006	IMG_0323	3299.608	335.066
6010	IMG_0323	2751.000	1407.000
6011	IMG_0323	2881.723	1375.945
6012	IMG_0323	3069.557	1288.794
6013	IMG_0323	3728.248	1045.538
6016	IMG_0323	2827.000	1988.000
6018	IMG_0323	3824.644	2268.907
6021	IMG_0323	2779.000	2498.000
6022	IMG_0323	2930.000	2662.000
6023	IMG_0323	3117.941	2884.127
7001	IMG_0323	2658.706	2940.660
7003	IMG_0323	2092.440	2954.336
7005	IMG_0323	1397.056	2945.638
7007	IMG_0323	695.689		2737.109
7008	IMG_0323	439.975		2929.726
7012	IMG_0323	93.000		2733.000
1085	IMG_0324	2632.957	3001.682
1086	IMG_0324	917.096		2953.494
1087	IMG_0324	1429.461	2944.110
1088	IMG_0324	679.179		2942.937
1089	IMG_0324	1657.633	2941.606
1090	IMG_0324	1918.068	2936.964
1091	IMG_0324	2439.562	2913.306
1092	IMG_0324	2703.697	2890.192
1093	IMG_0324	1559.078	2831.046
1094	IMG_0324	917.321		2712.107
1095	IMG_0324	1158.053	2696.692
1096	IMG_0324	1448.353	2692.309
1097	IMG_0324	1917.764	2688.858
1098	IMG_0324	2427.121	2669.061
1099	IMG_0324	2255.810	2652.259
1100	IMG_0324	2188.452	2630.127
1101	IMG_0324	1017.908	2575.771
1102	IMG_0324	718.184		2465.363
1103	IMG_0324	924.197		2445.487
1104	IMG_0324	1448.389	2436.460
1105	IMG_0324	1915.409	2434.638
1106	IMG_0324	1700.678	2429.494
1107	IMG_0324	2440.676	2426.068
1108	IMG_0324	2702.975	2407.159
1109	IMG_0324	2479.965	2298.685
1110	IMG_0324	1559.204	2283.724
1111	IMG_0324	1169.654	2203.645
1112	IMG_0324	927.282		2200.413
1113	IMG_0324	1910.110	2199.407
1114	IMG_0324	1441.793	2170.655
1115	IMG_0324	2435.170	2177.830
1116	IMG_0324	2272.485	2165.479
1117	IMG_0324	2015.241	2077.369
1118	IMG_0324	858.131		2047.596
1119	IMG_0324	719.141		1962.385
1120	IMG_0324	938.388		1960.424
1121	IMG_0324	1455.322	1952.836
1122	IMG_0324	1930.518	1955.328
1123	IMG_0324	1697.276	1946.090
1124	IMG_0324	2452.235	1936.538
1125	IMG_0324	2707.404	1943.520
1126	IMG_0324	1296.657	1733.146
1127	IMG_0324	975.290		1720.487
1128	IMG_0324	1180.492	1722.942
1129	IMG_0324	1465.964	1717.538
1130	IMG_0324	1909.376	1719.631
1131	IMG_0324	2443.039	1694.777
1132	IMG_0324	2283.811	1687.374
1133	IMG_0324	2618.876	1569.548
1134	IMG_0324	1837.354	1540.153
1135	IMG_0324	801.028		1462.126
1136	IMG_0324	976.389		1464.030
1137	IMG_0324	1710.835	1477.934
1138	IMG_0324	1930.971	1467.502
1139	IMG_0324	2468.000	1478.000
1140	IMG_0324	2702.166	1482.989
1141	IMG_0324	1459.444	1455.894
1142	IMG_0324	1084.330	1274.167
1143	IMG_0324	2342.633	1290.488
1145	IMG_0324	1472.145	1219.929
1146	IMG_0324	2251.698	1196.061
1147	IMG_0324	1573.918	1155.625
1148	IMG_0324	1936.239	1169.139
2000	IMG_0324	1787.000	1003.000
2001	IMG_0324	2150.000	1014.000
2002	IMG_0324	2457.000	1018.000
2003	IMG_0324	916.000		967.000
2004	IMG_0324	1390.000	982.000
2005	IMG_0324	1888.000	996.000
2006	IMG_0324	2322.000	992.000
2007	IMG_0324	2440.000	986.000
2008	IMG_0324	1236.000	937.000
2009	IMG_0324	837.000		908.000
2010	IMG_0324	1889.000	943.000
2011	IMG_0324	1623.000	935.000
2012	IMG_0324	1091.000	916.000
2013	IMG_0324	1341.000	922.000
2014	IMG_0324	2510.000	953.000
2015	IMG_0324	2741.000	956.000
2016	IMG_0324	1992.000	920.000
2017	IMG_0324	738.000		841.000
2018	IMG_0324	1926.000	881.000
2019	IMG_0324	1294.000	860.000
2020	IMG_0324	2540.000	893.000
2021	IMG_0324	2242.000	886.000
2022	IMG_0324	2371.000	859.000
2023	IMG_0324	801.000		809.000
2024	IMG_0324	951.000		786.000
2025	IMG_0324	642.000		775.000
2026	IMG_0324	2921.000	828.000
2027	IMG_0324	1557.000	796.000
2028	IMG_0324	2613.000	820.000
2029	IMG_0324	1899.000	803.000
2030	IMG_0324	1228.000	780.000
2031	IMG_0324	2804.000	802.000
2032	IMG_0324	1376.000	766.000
2033	IMG_0324	1174.536	701.293
2034	IMG_0324	1900.867	721.717
2035	IMG_0324	2314.964	731.993
2036	IMG_0324	2685.000	738.000
2037	IMG_0324	2163.420	720.883
2038	IMG_0324	696.516		590.146
2039	IMG_0324	1081.323	605.721
2040	IMG_0324	363.000		577.000
2041	IMG_0324	755.021		269.788
2042	IMG_0324	997.816		258.967
2044	IMG_0324	3356.485	249.469
2045	IMG_0324	1921.682	182.290
3001	IMG_0324	2858.445	1180.411
3002	IMG_0324	3331.990	1096.319
3004	IMG_0324	2857.990	1552.345
3005	IMG_0324	3335.091	1787.283
3007	IMG_0324	2853.896	1992.731
;3008	IMG_0324	3359.266	2280.150
3010	IMG_0324	2844.163	2483.594
4004	IMG_0324	690.704		2702.208
4005	IMG_0324	707.495		2213.448
4006	IMG_0324	750.181		1688.666
4009	IMG_0324	1159.932	2961.438
4010	IMG_0324	1174.800	2431.453
4011	IMG_0324	1183.023	1961.813
4012	IMG_0324	1190.157	1478.195
4016	IMG_0324	1693.556	2691.913
4017	IMG_0324	1708.299	2166.604
4018	IMG_0324	1707.821	1700.293
4019	IMG_0324	1714.084	1236.107
4022	IMG_0324	2228.030	2906.167
4023	IMG_0324	2230.305	2412.047
4025	IMG_0324	2251.664	1455.879
4029	IMG_0324	2616.087	2624.435
4030	IMG_0324	2644.449	2149.114
4031	IMG_0324	2640.914	1711.027
4032	IMG_0324	2652.512	1240.878
5019	IMG_0324	986.253		1173.970
5026	IMG_0324	1186.351	1192.431
5078	IMG_0324	2448.884	1278.026
5079	IMG_0324	2464.744	1080.426
6003	IMG_0324	1109.000	967.000
6004	IMG_0324	1013.000	849.000
6006	IMG_0324	592.000		445.000
6010	IMG_0324	1637.000	990.000
6011	IMG_0324	1613.000	874.000
6012	IMG_0324	1540.940	709.092
6013	IMG_0324	1349.861	139.060
6016	IMG_0324	2201.000	952.000
6018	IMG_0324	2497.600	148.818
6021	IMG_0324	2672.000	1014.000
6022	IMG_0324	2825.000	895.000
6023	IMG_0324	3030.000	752.000
6024	IMG_0324	3805.540	180.825
7001	IMG_0324	3073.642	1161.380
7002	IMG_0324	3848.000	921.000
7003	IMG_0324	3087.575	1689.739
7004	IMG_0324	3806.000	1840.957
7005	IMG_0324	3075.937	2351.247
7006	IMG_0324	3803.691	2926.405
1074	IMG_0325	53.758		1508.381
1081	IMG_0325	66.057		759.575
1082	IMG_0325	267.138		1314.978
1083	IMG_0325	229.366		1155.701
1084	IMG_0325	255.194		820.461
1085	IMG_0325	477.419		1498.925
1087	IMG_0325	189.754		169.305
1089	IMG_0325	263.497		455.530
1090	IMG_0325	347.998		761.756
1091	IMG_0325	519.408		1310.585
1092	IMG_0325	609.562		1558.725
1093	IMG_0325	362.530		324.666
1096	IMG_0325	494.963		173.928
1097	IMG_0325	627.210		746.846
1098	IMG_0325	773.876		1285.407
1099	IMG_0325	751.891		1112.096
1100	IMG_0325	759.732		1039.625
1104	IMG_0325	802.379		155.907
1105	IMG_0325	913.493		729.656
1106	IMG_0325	870.685		475.107
1107	IMG_0325	1032.377	1286.070
1108	IMG_0325	1100.504	1532.142
1109	IMG_0325	1172.959	1316.980
1110	IMG_0325	1010.511	288.461
1113	IMG_0325	1177.781	710.163
1114	IMG_0325	1122.163	129.714
1115	IMG_0325	1292.000	1268.088
1116	IMG_0325	1278.696	1104.074
1117	IMG_0325	1332.545	822.242
1121	IMG_0325	1388.071	133.031
1122	IMG_0325	1456.414	720.210
1123	IMG_0325	1432.929	441.776
1124	IMG_0325	1546.894	1272.773
1125	IMG_0325	1569.841	1511.873
1129	IMG_0325	1674.405	132.016
1130	IMG_0325	1719.921	682.180
1131	IMG_0325	1797.555	1250.807
1132	IMG_0325	1791.466	1090.817
1133	IMG_0325	1938.370	1409.614
1134	IMG_0325	1917.386	585.996
1137	IMG_0325	1980.605	429.451
1138	IMG_0325	2005.829	692.140
1139	IMG_0325	2023.402	1263.894
1140	IMG_0325	2029.741	1481.200
1141	IMG_0325	1990.272	106.594
1143	IMG_0325	2214.125	1126.065
1145	IMG_0325	2275.162	108.799
1146	IMG_0325	2312.523	1027.434
1147	IMG_0325	2352.978	236.069
1148	IMG_0325	2340.354	679.111
2000	IMG_0325	2528.000	509.000
2001	IMG_0325	2507.000	924.000
2002	IMG_0325	2495.000	1240.000
2004	IMG_0325	2559.000	15.000
2005	IMG_0325	2533.000	639.000
2006	IMG_0325	2527.000	1125.000
2007	IMG_0325	2531.000	1246.000
2010	IMG_0325	2595.000	691.000
2011	IMG_0325	2613.000	372.000
2013	IMG_0325	2638.210	10.957
2014	IMG_0325	2564.000	1348.000
2015	IMG_0325	2555.000	1562.000
2016	IMG_0325	2619.000	829.000
2018	IMG_0325	2667.000	795.000
2019	IMG_0325	2720.249	12.786
2020	IMG_0325	2627.000	1430.000
2021	IMG_0325	2647.000	1140.000
2022	IMG_0325	2671.959	1289.984
2026	IMG_0325	2681.000	1829.000
2027	IMG_0325	2788.460	428.717
2028	IMG_0325	2703.665	1563.241
2029	IMG_0325	2761.031	839.949
2030	IMG_0325	2827.370	9.389
2031	IMG_0325	2713.000	1743.000
2032	IMG_0325	2836.561	213.900
2033	IMG_0325	2936.230	13.670
2034	IMG_0325	2857.246	920.390
2035	IMG_0325	2817.600	1355.271
2036	IMG_0325	2788.441	1701.431
2037	IMG_0325	2839.878	1203.242
2042	IMG_0325	3559.829	220.299
2044	IMG_0325	3244.381	2664.446
2045	IMG_0325	3503.159	1463.680
2047	IMG_0325	3568.706	2925.935
;2050	IMG_0325	3974.543	2979.561
3001	IMG_0325	2332.364	1629.965
3002	IMG_0325	2426.388	2272.398
3004	IMG_0325	1970.488	1654.541
3005	IMG_0325	1784.911	2320.818
;3007	IMG_0325	1049.272	1690.403
3007	IMG_0325	1538.148	1677.191
3008	IMG_0325	1326.524	2385.962
;3011	IMG_0325	535.188		2414.712
4016	IMG_0325	563.531		482.124
4017	IMG_0325	1177.834	468.227
4018	IMG_0325	1721.177	439.200
4019	IMG_0325	2261.186	417.893
4022	IMG_0325	470.493		1096.491
4023	IMG_0325	1005.403	1072.446
4025	IMG_0325	2035.987	1043.533
4028	IMG_0325	292.473		1505.331
4029	IMG_0325	861.777		1463.442
4030	IMG_0325	1353.486	1464.822
4031	IMG_0325	1797.309	1438.314
4032	IMG_0325	2269.726	1421.083
5078	IMG_0325	2229.201	1231.340
5079	IMG_0325	2432.489	1233.789
6010	IMG_0325	2547.000	336.000
6011	IMG_0325	2687.000	420.000
6012	IMG_0325	2898.836	495.859
6013	IMG_0325	3660.074	834.067
6016	IMG_0325	2575.000	1036.000
6018	IMG_0325	3456.279	2060.640
6021	IMG_0325	2495.000	1449.000
6022	IMG_0325	2615.000	1688.000
6023	IMG_0325	2756.178	1985.409
7001	IMG_0325	2357.365	1928.645
7002	IMG_0325	2594.656	2910.971
7003	IMG_0325	1855.878	1983.214
7004	IMG_0325	1776.947	2919.262
7005	IMG_0325	1218.081	2009.949
7006	IMG_0325	790.000		2989.000
7007	IMG_0325	507.354		1769.418
7008	IMG_0325	296.101		2042.976
1092	IMG_0326	2295.831	2997.274
1097	IMG_0326	1524.523	2930.693
1098	IMG_0326	2036.616	2819.614
1099	IMG_0326	1871.214	2830.967
1100	IMG_0326	1802.775	2819.069
1101	IMG_0326	442.141		2974.251
1102	IMG_0326	29.333		2893.894
1103	IMG_0326	314.217		2832.677
1104	IMG_0326	985.207		2730.839
1105	IMG_0326	1516.727	2653.119
1106	IMG_0326	1279.998	2681.415
1107	IMG_0326	2044.083	2567.078
1108	IMG_0326	2282.315	2513.623
1109	IMG_0326	2076.885	2431.837
1110	IMG_0326	1112.991	2538.273
1111	IMG_0326	633.554		2500.073
1112	IMG_0326	312.030		2530.464
1113	IMG_0326	1506.440	2397.483
1114	IMG_0326	972.169		2424.521
1115	IMG_0326	2033.405	2313.196
1116	IMG_0326	1877.472	2318.239
1117	IMG_0326	1614.863	2253.338
1118	IMG_0326	212.759		2350.583
1119	IMG_0326	17.437		2259.600
1120	IMG_0326	322.122		2233.684
1121	IMG_0326	984.088		2172.047
1122	IMG_0326	1524.005	2129.854
1123	IMG_0326	1266.904	2141.294
1124	IMG_0326	2044.035	2065.628
1125	IMG_0326	2274.013	2053.486
1126	IMG_0326	784.539		1930.067
1127	IMG_0326	368.333		1936.968
1128	IMG_0326	638.567		1925.675
1129	IMG_0326	992.517		1900.996
1130	IMG_0326	1496.928	1876.067
1131	IMG_0326	2029.587	1821.317
1132	IMG_0326	1878.492	1821.497
1133	IMG_0326	2185.012	1689.787
1134	IMG_0326	1414.214	1684.729
1135	IMG_0326	125.564		1627.928
1136	IMG_0326	366.079		1625.148
1137	IMG_0326	1273.149	1620.411
1138	IMG_0326	1514.737	1603.519
1139	IMG_0326	2048.355	1603.084
1140	IMG_0326	2256.627	1603.248
1141	IMG_0326	979.799		1602.225
1142	IMG_0326	505.793		1395.596
1143	IMG_0326	1923.647	1415.468
1145	IMG_0326	991.101		1334.388
1146	IMG_0326	1834.439	1318.730
1147	IMG_0326	1108.508	1263.647
1148	IMG_0326	1513.058	1285.475
2000	IMG_0326	1365.000	1104.000
2001	IMG_0326	1749.000	1130.000
2002	IMG_0326	2042.000	1146.000
2003	IMG_0326	315.000		1026.000
2004	IMG_0326	923.000		1065.000
2005	IMG_0326	1489.000	1101.000
2006	IMG_0326	1941.000	1116.000
2007	IMG_0326	2054.000	1115.000
2008	IMG_0326	781.000		1008.000
2009	IMG_0326	282.000		954.000
2010	IMG_0326	1550.000	1048.000
2011	IMG_0326	1261.000	1026.000
2012	IMG_0326	620.000		978.000
2013	IMG_0326	936.000		999.000
2014	IMG_0326	2159.000	1087.000
2015	IMG_0326	2362.000	1098.000
2016	IMG_0326	1682.000	1030.000
2017	IMG_0326	234.000		869.000
2018	IMG_0326	1660.000	988.000
2019	IMG_0326	957.000		929.000
2020	IMG_0326	2249.000	1032.000
2021	IMG_0326	1978.000	1010.000
2022	IMG_0326	2123.000	991.000
2023	IMG_0326	359.000		837.000
2024	IMG_0326	605.000		823.000
2025	IMG_0326	186.000		785.000
2026	IMG_0326	2644.000	989.000
2027	IMG_0326	1354.577	879.316
2028	IMG_0326	2390.000	967.000
2029	IMG_0326	1723.000	908.000
2030	IMG_0326	975.000		837.000
2031	IMG_0326	2566.000	960.000
2032	IMG_0326	1168.382	834.121
2033	IMG_0326	1009.793	747.788
2034	IMG_0326	1817.129	827.959
2035	IMG_0326	2214.646	866.604
2036	IMG_0326	2538.000	895.000
2037	IMG_0326	2075.052	845.405
2038	IMG_0326	511.904		574.410
2039	IMG_0326	1013.098	634.519
2040	IMG_0326	56.126		521.274
2041	IMG_0326	1027.700	217.143
2042	IMG_0326	1335.057	243.445
2044	IMG_0326	3536.839	511.759
2045	IMG_0326	2436.186	293.872
2047	IMG_0326	3821.518	243.386
3001	IMG_0326	2414.454	1313.965
3002	IMG_0326	3085.792	1254.009
3004	IMG_0326	2428.599	1667.977
3005	IMG_0326	3118.678	1882.933
3007	IMG_0326	2439.717	2092.260
3008	IMG_0326	3173.873	2335.607
3010	IMG_0326	2439.567	2572.272
4005	IMG_0326	6.000		2576.000
4006	IMG_0326	55.000		1912.468
4010	IMG_0326	644.132		2771.782
4011	IMG_0326	645.328		2209.899
4012	IMG_0326	646.412		1635.699
4016	IMG_0326	1278.097	2970.486
4017	IMG_0326	1283.237	2386.373
4018	IMG_0326	1273.673	1866.879
4019	IMG_0326	1271.406	1354.459
4023	IMG_0326	1840.565	2582.142
4025	IMG_0326	1841.141	1584.630
4029	IMG_0326	2210.056	2743.941
4030	IMG_0326	2223.582	2262.823
4031	IMG_0326	2209.014	1828.342
4032	IMG_0326	2205.853	1368.333
5019	IMG_0326	375.643		1275.135
5026	IMG_0326	637.832		1299.907
5078	IMG_0326	2023.646	1403.413
5079	IMG_0326	2032.133	1207.518
6003	IMG_0326	579.000		1036.000
6004	IMG_0326	607.000		900.000
6005	IMG_0326	582.153		732.867
6006	IMG_0326	558.876		398.633
6010	IMG_0326	1213.000	1082.000
6012	IMG_0326	1439.629	787.041
6013	IMG_0326	1897.474	169.238
6016	IMG_0326	1869.000	1071.000
6018	IMG_0326	2984.831	332.513
6021	IMG_0326	2241.000	1151.000
6022	IMG_0326	2498.000	1047.000
6023	IMG_0326	2809.000	926.000
6024	IMG_0326	3907.868	495.890
7001	IMG_0326	2726.212	1303.957
7002	IMG_0326	3747.000	1122.814
7003	IMG_0326	2768.774	1796.684
7004	IMG_0326	3740.653	1920.103
7005	IMG_0326	2778.089	2423.272
7006	IMG_0326	3788.096	2890.251
1077	IMG_0327	47.980		40.837
1079	IMG_0327	151.939		204.569
1081	IMG_0327	174.161		857.915
1082	IMG_0327	259.503		1616.413
1083	IMG_0327	264.158		1388.393
1084	IMG_0327	414.858		954.111
1085	IMG_0327	503.755		1888.317
1087	IMG_0327	523.522		216.582
1089	IMG_0327	538.879		529.979
1090	IMG_0327	560.988		889.566
1091	IMG_0327	628.628		1609.131
1092	IMG_0327	680.159		1970.544
1093	IMG_0327	693.460		407.910
1096	IMG_0327	886.374		275.465
1097	IMG_0327	919.174		898.660
1098	IMG_0327	979.010		1574.022
1099	IMG_0327	991.332		1346.703
1100	IMG_0327	1014.607	1258.294
1104	IMG_0327	1227.438	307.100
1105	IMG_0327	1257.693	904.968
1106	IMG_0327	1251.021	630.295
1107	IMG_0327	1302.300	1575.346
1108	IMG_0327	1343.071	1906.490
1109	IMG_0327	1462.094	1616.794
1110	IMG_0327	1423.123	464.545
1113	IMG_0327	1548.192	906.270
1114	IMG_0327	1555.613	329.720
1115	IMG_0327	1607.041	1552.690
1116	IMG_0327	1611.520	1353.204
1117	IMG_0327	1695.316	1039.505
1121	IMG_0327	1807.109	368.769
1122	IMG_0327	1830.748	938.599
1123	IMG_0327	1827.879	658.823
1124	IMG_0327	1883.022	1558.449
1125	IMG_0327	1891.378	1859.512
1126	IMG_0327	2035.497	208.140
1128	IMG_0327	2042.694	75.208
1129	IMG_0327	2063.174	403.869
1130	IMG_0327	2084.125	919.171
1131	IMG_0327	2140.034	1533.480
1132	IMG_0327	2138.575	1351.063
1133	IMG_0327	2275.225	1723.984
1134	IMG_0327	2262.159	841.992
1137	IMG_0327	2319.787	700.318
1138	IMG_0327	2341.114	948.640
1139	IMG_0327	2358.841	1550.298
1140	IMG_0327	2367.775	1808.286
1141	IMG_0327	2328.103	420.213
1142	IMG_0327	2479.956	31.333
1143	IMG_0327	2529.916	1401.900
1145	IMG_0327	2553.563	454.014
1146	IMG_0327	2615.039	1298.864
1147	IMG_0327	2615.436	569.233
1148	IMG_0327	2623.836	958.578
2000	IMG_0327	2799.063	789.515
2001	IMG_0327	2814.630	1170.853
2002	IMG_0327	2828.795	1492.091
2004	IMG_0327	2827.372	359.380
2005	IMG_0327	2844.003	881.465
2006	IMG_0327	2902.419	1325.471
2007	IMG_0327	2924.136	1445.469
2008	IMG_0327	2945.887	167.723
2010	IMG_0327	3020.041	830.035
2011	IMG_0327	3014.773	550.121
2013	IMG_0327	3018.798	253.223
2014	IMG_0327	3051.465	1480.137
2015	IMG_0327	3064.702	1721.377
2016	IMG_0327	3099.182	916.853
2018	IMG_0327	3234.564	804.881
2019	IMG_0327	3222.020	144.770
2020	IMG_0327	3256.658	1448.458
2021	IMG_0327	3253.422	1133.216
2022	IMG_0327	3339.361	1244.958
2026	IMG_0327	3505.367	1774.382
2027	IMG_0327	3466.783	347.854
2028	IMG_0327	3505.429	1449.425
2029	IMG_0327	3489.929	699.397
2030	IMG_0327	3470.945	11.434
2031	IMG_0327	3566.025	1632.678
2032	IMG_0327	3524.217	145.817
2034	IMG_0327	3759.473	619.148
2035	IMG_0327	3774.083	1049.846
2036	IMG_0327	3787.545	1435.545
2037	IMG_0327	3778.097	890.602
3001	IMG_0327	2742.000	1914.000
3002	IMG_0327	3613.000	2128.000
3004	IMG_0327	2400.000	1952.000
3005	IMG_0327	3024.000	2224.000
3007	IMG_0327	1944.000	1998.000
3008	IMG_0327	2581.330	2314.223
3010	IMG_0327	1344.000	2059.000
3011	IMG_0327	1514.498	2475.156
4011	IMG_0327	1784.480	53.212
4012	IMG_0327	2291.887	118.486
4015	IMG_0327	167.756		537.200
4016	IMG_0327	900.339		600.271
4017	IMG_0327	1574.987	658.102
4018	IMG_0327	2093.040	685.637
4019	IMG_0327	2551.052	715.302
4022	IMG_0327	625.518		1317.285
4023	IMG_0327	1306.417	1306.943
4025	IMG_0327	2368.962	1307.147
4028	IMG_0327	222.462		1905.173
4029	IMG_0327	1051.372	1819.387
4030	IMG_0327	1653.213	1805.240
4031	IMG_0327	2134.565	1760.195
4032	IMG_0327	2594.898	1732.109
5026	IMG_0327	2563.142	150.019
5078	IMG_0327	2549.069	1515.478
5079	IMG_0327	2729.566	1520.704
6003	IMG_0327	2844.511	61.540
6010	IMG_0327	2841.378	615.401
6011	IMG_0327	3216.812	479.124
6012	IMG_0327	3751.941	247.103
6016	IMG_0327	3027.138	1161.005
6021	IMG_0327	2864.439	1710.354
6022	IMG_0327	3276.022	1743.766
6023	IMG_0327	3772.819	1804.280
7001	IMG_0327	3111.000	2014.000
7003	IMG_0327	2665.000	2081.000
;7004	IMG_0327	3879.486	2490.446
7005	IMG_0327	1948.000	2164.000
7006	IMG_0327	2788.958	2746.305
7007	IMG_0327	639.000		2166.000
7008	IMG_0327	620.000		2334.000
;7009	IMG_0327	549.000		2662.000
1103	IMG_0328	243.465		2845.803
1104	IMG_0328	919.419		2841.689
1105	IMG_0328	1538.523	2841.515
1106	IMG_0328	1253.571	2833.384
1107	IMG_0328	2245.466	2830.137
1108	IMG_0328	2599.059	2803.029
1109	IMG_0328	2291.943	2654.030
1110	IMG_0328	1096.214	2635.026
1111	IMG_0328	625.600		2526.552
1112	IMG_0328	330.894		2521.104
1113	IMG_0328	1555.568	2521.055
1114	IMG_0328	970.722		2485.198
1115	IMG_0328	2227.136	2490.709
1116	IMG_0328	2019.182	2475.163
1117	IMG_0328	1699.191	2368.244
1118	IMG_0328	299.981		2335.849
1119	IMG_0328	167.962		2233.122
1120	IMG_0328	420.868		2230.566
1121	IMG_0328	1031.556	2220.018
1122	IMG_0328	1603.891	2219.100
1123	IMG_0328	1322.725	2210.402
1124	IMG_0328	2237.964	2192.151
1125	IMG_0328	2549.940	2198.573
1126	IMG_0328	892.758		1978.216
1127	IMG_0328	533.554		1965.718
1128	IMG_0328	763.016		1965.964
1129	IMG_0328	1087.766	1957.137
1130	IMG_0328	1598.836	1954.103
1131	IMG_0328	2216.983	1921.348
1132	IMG_0328	2032.897	1914.874
1133	IMG_0328	2411.620	1791.701
1134	IMG_0328	1533.173	1771.173
1135	IMG_0328	417.072		1707.836
1136	IMG_0328	603.243		1707.342
1137	IMG_0328	1398.321	1709.550
1138	IMG_0328	1642.349	1696.136
1139	IMG_0328	2237.844	1700.131
1140	IMG_0328	2497.196	1702.116
1141	IMG_0328	1125.535	1692.438
1142	IMG_0328	762.766		1531.401
1143	IMG_0328	2094.558	1526.251
1145	IMG_0328	1176.160	1473.869
1146	IMG_0328	1996.468	1440.649
1147	IMG_0328	1291.734	1418.093
1148	IMG_0328	1667.350	1421.946
2000	IMG_0328	1516.642	1252.386
2001	IMG_0328	1882.476	1249.257
2002	IMG_0328	2192.553	1245.818
2003	IMG_0328	645.396		1213.824
2004	IMG_0328	1110.186	1213.896
2005	IMG_0328	1608.739	1214.215
2006	IMG_0328	2037.158	1173.865
2007	IMG_0328	2153.553	1157.573
2008	IMG_0328	943.204		1100.947
2009	IMG_0328	546.729		1047.613
2010	IMG_0328	1576.062	1054.122
2011	IMG_0328	1311.369	1050.762
2012	IMG_0328	789.887		1043.894
2013	IMG_0328	1032.400	1038.430
2014	IMG_0328	2194.973	1044.023
2015	IMG_0328	2427.218	1038.568
2016	IMG_0328	1664.756	985.993
2017	IMG_0328	429.562		858.518
2018	IMG_0328	1571.824	863.527
2019	IMG_0328	955.021		855.292
2020	IMG_0328	2177.743	860.938
2021	IMG_0328	1880.788	855.956
2022	IMG_0328	1991.533	783.442
2023	IMG_0328	478.276		771.206
2024	IMG_0328	603.876		680.399
2025	IMG_0328	318.100		678.975
2026	IMG_0328	2499.287	651.083
2027	IMG_0328	1170.461	648.826
2028	IMG_0328	2193.917	644.049
2029	IMG_0328	1496.887	638.996
2030	IMG_0328	856.219		633.089
2031	IMG_0328	2368.596	595.555
2032	IMG_0328	989.884		592.893
2033	IMG_0328	768.566		415.487
2034	IMG_0328	1447.621	407.365
2035	IMG_0328	1842.414	406.109
2036	IMG_0328	2197.888	402.931
2037	IMG_0328	1696.836	398.719
2038	IMG_0328	311.628		186.212
2039	IMG_0328	647.091		172.437
2040	IMG_0328	22.099		176.636
3001	IMG_0328	2608.000	1341.000
3002	IMG_0328	2852.000	572.000
3004	IMG_0328	2647.000	1677.000
3005	IMG_0328	2959.740	1113.698
3007	IMG_0328	2699.000	2150.000
3008	IMG_0328	3065.991	1548.031
3010	IMG_0328	2768.000	2811.000
3011	IMG_0328	3275.606	2683.954
4005	IMG_0328	66.890		2533.903
4006	IMG_0328	293.745		1934.510
4010	IMG_0328	565.699		2831.788
4011	IMG_0328	706.735		2232.114
4012	IMG_0328	829.325		1718.205
4017	IMG_0328	1304.514	2479.967
4018	IMG_0328	1368.039	1936.967
4019	IMG_0328	1428.361	1484.494
4023	IMG_0328	1961.631	2810.478
4025	IMG_0328	1996.427	1681.014
4030	IMG_0328	2492.828	2453.566
4031	IMG_0328	2447.854	1937.744
4032	IMG_0328	2422.068	1475.533
5019	IMG_0328	683.902		1442.722
5026	IMG_0328	884.782		1455.272
5078	IMG_0328	2207.137	1511.757
5079	IMG_0328	2215.992	1338.716
6003	IMG_0328	827.833		1188.887
6004	IMG_0328	687.757		853.686
6005	IMG_0328	492.440		480.581
6010	IMG_0328	1355.225	1208.888
6011	IMG_0328	1266.054	869.927
6012	IMG_0328	1106.598	401.765
6016	IMG_0328	1889.691	1057.203
6021	IMG_0328	2406.635	1219.999
6022	IMG_0328	2459.366	850.988
6023	IMG_0328	2539.637	422.501
7001	IMG_0328	2724.000	1010.000
7003	IMG_0328	2798.000	1428.000
7004	IMG_0328	3245.954	373.019
7005	IMG_0328	2900.141	2170.885
7006	IMG_0328	3559.310	1402.866
;1074	IMG_0329	10.048		2579.678
1075	IMG_0329	12.883		2333.729
1076	IMG_0329	82.921		1226.373
1077	IMG_0329	259.286		737.048
1078	IMG_0329	323.436		502.435
1079	IMG_0329	355.221		894.417
1080	IMG_0329	352.641		179.450
1081	IMG_0329	358.467		1533.567
1082	IMG_0329	412.227		2270.557
1083	IMG_0329	425.273		2047.395
1084	IMG_0329	586.628		1615.092
1085	IMG_0329	635.174		2526.644
1086	IMG_0329	702.214		208.222
1087	IMG_0329	717.250		891.116
1089	IMG_0329	722.000		1196.797
1090	IMG_0329	729.938		1546.429
1091	IMG_0329	765.662		2248.217
1092	IMG_0329	801.141		2602.287
1093	IMG_0329	875.723		1068.907
1094	IMG_0329	1036.354	246.975
1095	IMG_0329	1059.283	557.912
1096	IMG_0329	1067.010	931.188
1097	IMG_0329	1075.044	1537.373
1098	IMG_0329	1104.354	2198.180
1099	IMG_0329	1125.934	1973.230
1100	IMG_0329	1152.100	1883.937
1101	IMG_0329	1213.996	394.388
1102	IMG_0329	1354.555	38.055
1103	IMG_0329	1380.670	295.527
1104	IMG_0329	1396.475	945.288
1105	IMG_0329	1403.258	1526.103
1106	IMG_0329	1407.664	1258.871
1107	IMG_0329	1417.445	2184.837
1108	IMG_0329	1444.216	2513.845
1109	IMG_0329	1571.109	2218.253
1110	IMG_0329	1580.830	1087.758
1111	IMG_0329	1673.845	622.477
1112	IMG_0329	1675.502	332.705
1113	IMG_0329	1685.306	1512.443
1114	IMG_0329	1714.301	950.815
1115	IMG_0329	1715.653	2148.723
1116	IMG_0329	1728.235	1949.094
1117	IMG_0329	1823.113	1634.221
1118	IMG_0329	1846.145	271.452
1119	IMG_0329	1941.555	122.361
1120	IMG_0329	1945.634	375.848
1121	IMG_0329	1957.855	976.168
1122	IMG_0329	1959.537	1529.708
1123	IMG_0329	1967.255	1257.445
1124	IMG_0329	1987.460	2142.681
1125	IMG_0329	1984.791	2446.551
1126	IMG_0329	2186.990	805.633
1127	IMG_0329	2199.445	445.145
1128	IMG_0329	2199.091	675.404
1129	IMG_0329	2206.905	997.093
1130	IMG_0329	2208.933	1498.944
1131	IMG_0329	2243.476	2107.368
1132	IMG_0329	2248.237	1924.158
1133	IMG_0329	2372.195	2294.232
1134	IMG_0329	2387.414	1414.583
1135	IMG_0329	2454.906	283.017
1136	IMG_0329	2454.762	472.750
1137	IMG_0329	2449.066	1274.150
1138	IMG_0329	2462.290	1516.884
1139	IMG_0329	2461.534	2116.507
1140	IMG_0329	2462.049	2377.328
1141	IMG_0329	2467.499	999.246
1142	IMG_0329	2633.042	606.177
1143	IMG_0329	2637.168	1960.153
1145	IMG_0329	2690.840	1021.035
1146	IMG_0329	2725.567	1854.930
1147	IMG_0329	2748.454	1130.656
1148	IMG_0329	2744.044	1515.561
2000	IMG_0329	2925.999	1357.359
2001	IMG_0329	2930.375	1739.010
2002	IMG_0329	2935.314	2062.641
2003	IMG_0329	2971.789	458.249
2004	IMG_0329	2969.360	944.767
2005	IMG_0329	2968.918	1462.051
2006	IMG_0329	3015.245	1918.622
2007	IMG_0329	3033.703	2043.299
2008	IMG_0329	3096.870	788.679
2009	IMG_0329	3159.427	379.664
2010	IMG_0329	3149.836	1463.595
2011	IMG_0329	3153.319	1186.453
2012	IMG_0329	3162.549	638.268
2013	IMG_0329	3167.916	895.647
2014	IMG_0329	3162.505	2117.558
2015	IMG_0329	3168.466	2362.162
2016	IMG_0329	3228.049	1571.523
2017	IMG_0329	3377.915	283.323
2018	IMG_0329	3369.629	1502.685
2019	IMG_0329	3379.494	847.790
2020	IMG_0329	3372.814	2147.985
2021	IMG_0329	3379.123	1833.771
2022	IMG_0329	3463.376	1968.660
2023	IMG_0329	3479.714	348.149
2024	IMG_0329	3586.703	500.669
2025	IMG_0329	3588.963	190.177
2026	IMG_0329	3614.701	2546.274
2027	IMG_0329	3622.819	1119.416
2028	IMG_0329	3626.298	2223.381
2029	IMG_0329	3634.300	1474.058
2030	IMG_0329	3642.455	782.665
2031	IMG_0329	3681.488	2421.806
2032	IMG_0329	3690.083	933.976
2033	IMG_0329	3904.628	728.774
2034	IMG_0329	3913.628	1474.807
2035	IMG_0329	3913.192	1906.454
2036	IMG_0329	3912.636	2293.447
2037	IMG_0329	3922.826	1747.905
3001	IMG_0329	2836.679	2510.669
3004	IMG_0329	2493.057	2566.065
3007	IMG_0329	2036.688	2632.913
3010	IMG_0329	1443.447	2710.254
4005	IMG_0329	1658.860	69.821
4006	IMG_0329	2229.924	197.342
4009	IMG_0329	690.785		529.706
4010	IMG_0329	1400.191	606.635
4011	IMG_0329	1945.848	659.187
4012	IMG_0329	2443.116	704.126
4015	IMG_0329	362.147		1220.400
4016	IMG_0329	1068.886	1247.491
4017	IMG_0329	1721.333	1269.787
4018	IMG_0329	2226.045	1270.543
4019	IMG_0329	2679.025	1278.639
4021	IMG_0329	3.000		2012.298
4022	IMG_0329	774.595		1961.676
4023	IMG_0329	1432.920	1918.622
4025	IMG_0329	2479.066	1871.819
4028	IMG_0329	366.619		2554.408
4029	IMG_0329	1164.541	2438.473
4030	IMG_0329	1751.457	2400.771
4031	IMG_0329	2230.536	2337.130
4032	IMG_0329	2692.212	2292.606
5019	IMG_0329	2725.258	511.372
5026	IMG_0329	2711.573	720.187
5078	IMG_0329	2653.281	2074.895
5079	IMG_0329	2834.023	2074.121
6003	IMG_0329	2998.595	653.785
6004	IMG_0329	3382.567	561.666
6005	IMG_0329	3826.016	413.568
6010	IMG_0329	2974.850	1199.997
6011	IMG_0329	3362.101	1176.129
6012	IMG_0329	3921.215	1102.686
6016	IMG_0329	3147.270	1793.040
6021	IMG_0329	2964.612	2291.109
6022	IMG_0329	3382.940	2448.086
6023	IMG_0329	3881.771	2653.698
7001	IMG_0329	3213.539	2756.325
7003	IMG_0329	2763.744	2871.322
7005	IMG_0329	2044.662	2988.694
7007	IMG_0329	760.318		2878.197
1097	IMG_0330	1457.078	3000.513
1098	IMG_0330	2128.698	2911.563
1099	IMG_0330	1907.888	2907.069
1100	IMG_0330	1817.874	2886.128
1101	IMG_0330	146.731		2933.043
1103	IMG_0330	34.135		2742.937
1104	IMG_0330	807.060		2686.459
1105	IMG_0330	1449.757	2641.215
1106	IMG_0330	1160.540	2653.889
1107	IMG_0330	2112.295	2584.122
1108	IMG_0330	2417.976	2538.846
1109	IMG_0330	2141.846	2423.863
1110	IMG_0330	974.623		2471.851
1111	IMG_0330	441.971		2388.810
1112	IMG_0330	94.710		2398.477
1113	IMG_0330	1439.641	2337.566
1114	IMG_0330	824.425		2330.029
1115	IMG_0330	2074.672	2279.397
1116	IMG_0330	1883.268	2273.905
1117	IMG_0330	1568.208	2186.526
1118	IMG_0330	31.819		2204.003
1120	IMG_0330	162.904		2088.876
1121	IMG_0330	861.890		2061.738
1122	IMG_0330	1462.201	2046.801
1123	IMG_0330	1173.076	2045.012
1124	IMG_0330	2065.615	2006.033
1125	IMG_0330	2342.749	2004.821
1126	IMG_0330	678.838		1816.530
1127	IMG_0330	261.542		1805.002
1128	IMG_0330	530.445		1804.430
1129	IMG_0330	894.895		1794.081
1130	IMG_0330	1433.924	1789.410
1131	IMG_0330	2029.066	1755.438
1132	IMG_0330	1856.870	1750.102
1133	IMG_0330	2196.458	1634.452
1134	IMG_0330	1348.902	1608.205
1135	IMG_0330	86.283		1525.128
1136	IMG_0330	310.000		1527.843
1137	IMG_0330	1202.835	1544.177
1138	IMG_0330	1455.211	1534.817
1139	IMG_0330	2033.554	1547.119
1140	IMG_0330	2268.080	1551.996
1141	IMG_0330	906.823		1521.675
1142	IMG_0330	474.495		1342.072
1143	IMG_0330	1886.213	1377.644
1145	IMG_0330	938.447		1295.100
1146	IMG_0330	1786.425	1291.089
1147	IMG_0330	1057.523	1241.181
1148	IMG_0330	1455.770	1260.294
2000	IMG_0330	1298.287	1080.458
2001	IMG_0330	1675.865	1096.591
2002	IMG_0330	1977.166	1108.653
2003	IMG_0330	328.998		990.893
2004	IMG_0330	868.955		1018.650
2005	IMG_0330	1405.948	1047.052
2006	IMG_0330	1846.047	1031.439
2007	IMG_0330	1960.184	1021.932
2008	IMG_0330	709.356		889.886
2009	IMG_0330	259.321		804.892
2010	IMG_0330	1413.699	884.663
2011	IMG_0330	1134.477	863.440
2012	IMG_0330	549.763		818.822
2013	IMG_0330	830.297		830.882
2014	IMG_0330	2027.681	915.541
2015	IMG_0330	2242.770	924.595
2016	IMG_0330	1521.099	822.780
2017	IMG_0330	173.697		590.183
2018	IMG_0330	1458.791	694.131
2019	IMG_0330	794.014		633.624
2020	IMG_0330	2055.341	739.355
2021	IMG_0330	1771.814	711.439
2022	IMG_0330	1895.633	649.914
2023	IMG_0330	257.522		499.924
2024	IMG_0330	437.027		415.277
2025	IMG_0330	92.814		384.904
2026	IMG_0330	2396.639	567.507
2027	IMG_0330	1089.831	440.988
2028	IMG_0330	2121.575	534.337
2029	IMG_0330	1439.370	463.811
2030	IMG_0330	744.052		391.708
2031	IMG_0330	2291.457	504.177
2032	IMG_0330	904.447		364.117
2033	IMG_0330	706.108		154.055
2034	IMG_0330	1448.772	227.756
2035	IMG_0330	1845.405	271.286
2036	IMG_0330	2182.879	306.602
2037	IMG_0330	1702.241	247.585
3001	IMG_0330	2376.100	1218.674
3002	IMG_0330	2804.366	536.770
3004	IMG_0330	2434.407	1531.421
3005	IMG_0330	2955.735	1041.564
3007	IMG_0330	2507.857	1957.867
3008	IMG_0330	3105.178	1429.172
3010	IMG_0330	2596.505	2533.879
3011	IMG_0330	3356.595	2368.656
4010	IMG_0330	410.213		2703.373
4011	IMG_0330	498.314		2082.582
4012	IMG_0330	575.935		1543.560
4017	IMG_0330	1179.813	2309.582
4018	IMG_0330	1193.326	1772.934
4019	IMG_0330	1211.854	1315.101
4023	IMG_0330	1852.686	2584.186
4025	IMG_0330	1804.479	1525.503
4029	IMG_0330	2355.067	2830.367
4030	IMG_0330	2307.081	2235.167
4031	IMG_0330	2238.082	1769.154
4032	IMG_0330	2187.166	1337.787
5019	IMG_0330	371.241		1243.049
5026	IMG_0330	607.836		1264.423
5078	IMG_0330	1992.027	1366.496
5079	IMG_0330	1988.167	1199.369
6003	IMG_0330	552.034		975.483
6004	IMG_0330	484.677		607.969
6005	IMG_0330	363.465		189.519
6010	IMG_0330	1138.879	1027.467
6011	IMG_0330	1133.890	675.439
6012	IMG_0330	1087.775	181.580
6016	IMG_0330	1730.303	908.635
6021	IMG_0330	2181.277	1094.431
6022	IMG_0330	2314.927	750.872
6023	IMG_0330	2484.566	359.858
7001	IMG_0330	2579.714	917.996
7003	IMG_0330	2691.368	1316.868
7004	IMG_0330	3408.198	432.924
7005	IMG_0330	2826.424	1966.811
7006	IMG_0330	3793.320	1330.446
1074	IMG_0331	32.738		2243.263
1079	IMG_0331	16.166		674.602
1081	IMG_0331	156.409		1315.305
1082	IMG_0331	349.903		1954.734
1083	IMG_0331	321.745		1768.048
1084	IMG_0331	396.191		1366.670
1085	IMG_0331	594.946		2135.646
1087	IMG_0331	390.819		628.790
1089	IMG_0331	453.729		948.056
1090	IMG_0331	524.554		1289.060
1091	IMG_0331	672.259		1901.752
1092	IMG_0331	754.914		2178.724
1093	IMG_0331	588.272		798.568
1095	IMG_0331	696.198		215.884
1096	IMG_0331	764.794		633.053
1097	IMG_0331	863.645		1245.500
1098	IMG_0331	978.745		1827.537
1099	IMG_0331	971.080		1635.392
1100	IMG_0331	984.692		1553.668
1101	IMG_0331	838.000		1.000
1104	IMG_0331	1112.109	611.924
1105	IMG_0331	1185.712	1201.691
1106	IMG_0331	1160.182	938.541
1107	IMG_0331	1267.198	1785.783
1108	IMG_0331	1320.522	2047.298
1109	IMG_0331	1412.036	1797.072
1110	IMG_0331	1319.390	742.563
1111	IMG_0331	1373.185	220.477
1113	IMG_0331	1463.489	1160.387
1114	IMG_0331	1445.857	583.073
1115	IMG_0331	1540.319	1726.107
1116	IMG_0331	1538.495	1555.157
1117	IMG_0331	1608.269	1260.958
1121	IMG_0331	1702.508	584.166
1122	IMG_0331	1735.523	1149.326
1123	IMG_0331	1728.451	879.048
1124	IMG_0331	1790.568	1694.108
1125	IMG_0331	1799.911	1940.432
1126	IMG_0331	1935.755	370.780
1128	IMG_0331	1944.084	223.017
1129	IMG_0331	1962.958	580.265
1130	IMG_0331	1979.383	1093.750
1131	IMG_0331	2024.531	1638.438
1132	IMG_0331	2025.956	1480.976
1133	IMG_0331	2143.239	1778.718
1134	IMG_0331	2153.642	991.616
1137	IMG_0331	2214.431	845.111
1138	IMG_0331	2227.250	1084.249
1139	IMG_0331	2224.051	1623.602
1140	IMG_0331	2223.566	1837.304
1141	IMG_0331	2232.692	554.522
1142	IMG_0331	2409.950	94.082
1143	IMG_0331	2387.482	1470.634
1145	IMG_0331	2461.646	554.172
1146	IMG_0331	2472.177	1369.573
1147	IMG_0331	2517.506	663.317
1148	IMG_0331	2500.489	1052.497
2000	IMG_0331	2681.581	893.635
2001	IMG_0331	2665.796	1260.522
2002	IMG_0331	2654.437	1546.851
2004	IMG_0331	2743.963	476.655
2005	IMG_0331	2714.881	1007.636
2006	IMG_0331	2730.259	1437.542
2007	IMG_0331	2739.658	1547.016
2008	IMG_0331	2875.918	337.521
2010	IMG_0331	2876.582	1048.657
2011	IMG_0331	2899.564	776.277
2012	IMG_0331	2949.642	188.046
2013	IMG_0331	2934.942	475.367
2014	IMG_0331	2843.827	1634.051
2015	IMG_0331	2834.136	1833.880
2016	IMG_0331	2937.916	1165.254
2018	IMG_0331	3066.303	1132.111
2019	IMG_0331	3136.048	479.558
2020	IMG_0331	3016.073	1696.208
2021	IMG_0331	3046.109	1432.205
2022	IMG_0331	3105.588	1561.802
2024	IMG_0331	3367.195	153.856
2026	IMG_0331	3178.604	2048.590
2027	IMG_0331	3326.621	818.833
2028	IMG_0331	3215.562	1800.231
2029	IMG_0331	3297.018	1160.538
2030	IMG_0331	3384.330	477.946
2031	IMG_0331	3242.188	1963.298
2032	IMG_0331	3409.014	645.975
2033	IMG_0331	3629.167	488.685
2034	IMG_0331	3533.235	1218.804
2035	IMG_0331	3479.898	1593.462
2036	IMG_0331	3437.020	1904.525
2037	IMG_0331	3507.123	1459.580
2038	IMG_0331	3963.787	52.991
2039	IMG_0331	3909.599	472.848
3001	IMG_0331	2546.635	1936.011
3002	IMG_0331	3190.715	2500.006
3004	IMG_0331	2244.906	2016.618
3005	IMG_0331	2700.649	2688.317
3007	IMG_0331	1848.355	2116.095
3008	IMG_0331	2340.304	2867.673
3010	IMG_0331	1334.491	2230.000
4009	IMG_0331	291.440		227.900
4010	IMG_0331	1074.176	232.579
4011	IMG_0331	1670.406	231.763
4012	IMG_0331	2205.919	229.052
4015	IMG_0331	94.433		1010.228
4016	IMG_0331	814.998		962.115
4017	IMG_0331	1479.548	916.667
4018	IMG_0331	1990.424	864.628
4019	IMG_0331	2443.677	824.559
4022	IMG_0331	636.785		1659.325
4023	IMG_0331	1255.831	1557.240
4025	IMG_0331	2241.551	1410.302
4028	IMG_0331	357.198		2184.419
4029	IMG_0331	1061.503	2015.235
4030	IMG_0331	1588.722	1927.116
4031	IMG_0331	2016.549	1828.178
4032	IMG_0331	2429.990	1745.702
5026	IMG_0331	2490.958	218.811
5078	IMG_0331	2399.526	1568.599
5079	IMG_0331	2564.961	1549.022
6003	IMG_0331	2789.307	157.957
6004	IMG_0331	3167.460	163.499
6005	IMG_0331	3603.393	123.450
6010	IMG_0331	2734.663	746.935
6011	IMG_0331	3088.928	814.423
6012	IMG_0331	3589.750	870.776
6016	IMG_0331	2851.723	1351.481
6021	IMG_0331	2668.883	1741.861
6022	IMG_0331	3002.158	1936.212
6023	IMG_0331	3377.874	2171.898
7001	IMG_0331	2832.802	2205.379
7002	IMG_0331	3835.000	3000.000
7003	IMG_0331	2447.496	2352.423
7005	IMG_0331	1851.039	2519.753
7007	IMG_0331	758.112		2445.690
7008	IMG_0331	798.818		2812.264
1085	IMG_0332	2245.432	2918.108
1091	IMG_0332	2019.267	2850.406
1092	IMG_0332	2291.888	2758.197
1093	IMG_0332	866.770		2983.121
1095	IMG_0332	215.736		2889.333
1096	IMG_0332	686.855		2803.857
1097	IMG_0332	1354.876	2679.959
1098	IMG_0332	1955.171	2545.122
1099	IMG_0332	1761.949	2558.090
1100	IMG_0332	1678.673	2546.395
1104	IMG_0332	669.612		2435.155
1105	IMG_0332	1316.982	2347.786
1106	IMG_0332	1032.513	2378.759
1107	IMG_0332	1922.523	2254.823
1108	IMG_0332	2181.970	2197.919
1109	IMG_0332	1938.586	2108.070
1110	IMG_0332	819.676		2212.544
1111	IMG_0332	226.430		2156.416
1113	IMG_0332	1280.017	2059.042
1114	IMG_0332	643.190		2077.839
1115	IMG_0332	1871.588	1978.510
1116	IMG_0332	1697.726	1980.846
1117	IMG_0332	1391.320	1908.100
1121	IMG_0332	648.978		1800.819
1122	IMG_0332	1274.836	1773.722
1123	IMG_0332	979.457		1777.399
1124	IMG_0332	1846.872	1723.431
1125	IMG_0332	2092.831	1717.045
1126	IMG_0332	409.450		1542.014
1128	IMG_0332	238.353		1529.039
1129	IMG_0332	649.955		1518.170
1130	IMG_0332	1220.427	1514.850
1131	IMG_0332	1796.887	1482.164
1132	IMG_0332	1634.605	1476.507
1133	IMG_0332	1941.861	1364.640
1134	IMG_0332	1112.508	1325.687
1137	IMG_0332	952.250		1254.813
1138	IMG_0332	1215.815	1250.815
1139	IMG_0332	1786.598	1275.962
1140	IMG_0332	2002.789	1284.778
1141	IMG_0332	626.111		1223.196
1142	IMG_0332	96.942		1006.666
1143	IMG_0332	1632.109	1099.083
1145	IMG_0332	631.118		972.979
1146	IMG_0332	1527.595	1005.078
1147	IMG_0332	755.849		917.847
1148	IMG_0332	1187.434	957.458
2000	IMG_0332	1017.748	754.950
2001	IMG_0332	1416.843	795.173
2002	IMG_0332	1717.901	825.505
2004	IMG_0332	549.316		660.539
2005	IMG_0332	1144.531	727.497
2006	IMG_0332	1606.463	740.215
2007	IMG_0332	1721.114	737.933
2008	IMG_0332	392.486		507.422
2010	IMG_0332	1194.504	559.723
2011	IMG_0332	893.504		514.540
2012	IMG_0332	221.084		416.107
2013	IMG_0332	552.927		453.338
2014	IMG_0332	1815.023	637.240
2015	IMG_0332	2018.079	661.517
2016	IMG_0332	1323.440	504.014
2018	IMG_0332	1292.008	365.688
2019	IMG_0332	563.791		235.044
2020	IMG_0332	1885.994	465.000
2021	IMG_0332	1612.541	412.212
2022	IMG_0332	1750.557	361.196
2026	IMG_0332	2248.241	327.218
2027	IMG_0332	954.899		59.055
2028	IMG_0332	2000.453	268.155
2029	IMG_0332	1330.822	123.801
2031	IMG_0332	2166.021	254.995
2036	IMG_0332	2115.841	49.299
3001	IMG_0332	2110.363	961.014
3002	IMG_0332	2694.490	354.499
3004	IMG_0332	2182.469	1272.179
3005	IMG_0332	2860.265	861.308
3007	IMG_0332	2267.883	1674.208
3008	IMG_0332	3018.928	1229.543
3010	IMG_0332	2361.112	2186.114
3011	IMG_0332	3244.749	2035.559
4010	IMG_0332	236.817		2481.823
4011	IMG_0332	243.639		1830.746
4012	IMG_0332	250.171		1239.518
4016	IMG_0332	1049.884	2739.876
4017	IMG_0332	1015.396	2042.152
4018	IMG_0332	968.815		1496.479
4019	IMG_0332	934.718		1006.656
4022	IMG_0332	1775.814	2895.916
4023	IMG_0332	1690.673	2269.823
4025	IMG_0332	1565.535	1249.146
4029	IMG_0332	2142.594	2457.521
4030	IMG_0332	2073.029	1929.558
4031	IMG_0332	1987.917	1495.368
4032	IMG_0332	1915.495	1068.836
5026	IMG_0332	244.764		922.888
5078	IMG_0332	1734.198	1091.577
5079	IMG_0332	1717.555	918.263
6003	IMG_0332	181.342		589.974
6004	IMG_0332	199.320		175.332
6010	IMG_0332	855.518		688.752
6011	IMG_0332	941.979		314.483
6016	IMG_0332	1519.845	608.454
6021	IMG_0332	1918.231	823.475
6022	IMG_0332	2127.861	498.054
6023	IMG_0332	2379.287	135.015
7001	IMG_0332	2390.083	691.191
7003	IMG_0332	2522.426	1090.615
7004	IMG_0332	3415.928	365.688
7005	IMG_0332	2663.582	1690.775
7006	IMG_0332	3763.026	1196.978
7007	IMG_0332	2550.964	2754.765
7008	IMG_0332	2905.810	2722.888
7009	IMG_0332	3496.085	2694.190
1067	IMG_0333	85.652		1757.071
1070	IMG_0333	340.346		907.830
1071	IMG_0333	369.698		633.697
1073	IMG_0333	343.858		1262.607
1074	IMG_0333	304.702		2316.851
1075	IMG_0333	329.502		2059.573
1076	IMG_0333	467.816		985.349
1077	IMG_0333	652.045		559.504
1078	IMG_0333	720.354		359.628
1079	IMG_0333	733.156		708.154
1080	IMG_0333	757.486		86.274
1081	IMG_0333	709.853		1295.138
1082	IMG_0333	726.568		2016.663
1083	IMG_0333	749.428		1795.053
1084	IMG_0333	913.664		1391.069
1085	IMG_0333	925.845		2290.088
1086	IMG_0333	1057.428	150.651
1087	IMG_0333	1052.798	739.905
1089	IMG_0333	1048.860	1014.113
1090	IMG_0333	1046.434	1336.516
1091	IMG_0333	1058.949	2014.560
1092	IMG_0333	1081.421	2374.032
1093	IMG_0333	1184.955	913.395
1094	IMG_0333	1337.488	218.807
1095	IMG_0333	1352.204	482.987
1096	IMG_0333	1353.226	807.507
1097	IMG_0333	1352.198	1355.093
1098	IMG_0333	1369.002	1985.082
1099	IMG_0333	1391.777	1768.599
1100	IMG_0333	1414.748	1686.230
1101	IMG_0333	1482.186	360.902
1102	IMG_0333	1601.087	80.571
1103	IMG_0333	1621.482	294.358
1104	IMG_0333	1631.879	848.935
1105	IMG_0333	1636.217	1369.820
1106	IMG_0333	1640.386	1127.893
1107	IMG_0333	1647.899	1990.763
1108	IMG_0333	1671.518	2315.786
1109	IMG_0333	1781.841	2033.090
1110	IMG_0333	1784.757	990.548
1111	IMG_0333	1861.216	595.872
1112	IMG_0333	1860.969	354.221
1113	IMG_0333	1875.809	1378.292
1114	IMG_0333	1896.032	880.970
1115	IMG_0333	1908.095	1973.626
1116	IMG_0333	1916.627	1785.191
1117	IMG_0333	1992.448	1500.298
1118	IMG_0333	1996.421	321.505
1119	IMG_0333	2071.170	209.594
1120	IMG_0333	2078.020	416.017
1121	IMG_0333	2096.100	923.194
1122	IMG_0333	2106.388	1414.031
1123	IMG_0333	2108.085	1170.508
1124	IMG_0333	2141.705	1984.344
1125	IMG_0333	2146.401	2276.802
1126	IMG_0333	2277.329	797.314
1127	IMG_0333	2279.982	497.072
1128	IMG_0333	2285.020	687.928
1129	IMG_0333	2298.723	962.061
1130	IMG_0333	2312.434	1403.998
1131	IMG_0333	2357.985	1965.876
1132	IMG_0333	2356.670	1794.871
1133	IMG_0333	2471.825	2150.976
1134	IMG_0333	2455.342	1342.146
1135	IMG_0333	2474.917	389.565
1136	IMG_0333	2480.545	543.676
1137	IMG_0333	2501.594	1221.968
1138	IMG_0333	2520.410	1437.870
1139	IMG_0333	2540.950	1986.592
1140	IMG_0333	2551.568	2233.904
1141	IMG_0333	2507.313	985.373
1142	IMG_0333	2622.593	670.054
1143	IMG_0333	2679.057	1851.994
1145	IMG_0333	2684.233	1021.826
1146	IMG_0333	2747.287	1759.740
1147	IMG_0333	2733.199	1120.905
1148	IMG_0333	2747.039	1455.779
2000	IMG_0333	2895.504	1316.369
2001	IMG_0333	2920.486	1650.428
2002	IMG_0333	2942.505	1942.792
2003	IMG_0333	2896.714	559.694
2004	IMG_0333	2919.346	957.098
2005	IMG_0333	2945.750	1398.013
2006	IMG_0333	3017.723	1792.379
2007	IMG_0333	3042.729	1901.721
2008	IMG_0333	3036.001	810.246
2009	IMG_0333	3074.427	474.639
2010	IMG_0333	3127.945	1363.538
2011	IMG_0333	3115.009	1128.458
2012	IMG_0333	3092.100	678.700
2013	IMG_0333	3112.198	885.523
2014	IMG_0333	3179.802	1935.884
2015	IMG_0333	3201.019	2157.487
2016	IMG_0333	3210.547	1441.580
2017	IMG_0333	3273.904	374.893
2018	IMG_0333	3344.585	1354.203
2019	IMG_0333	3311.282	815.177
2020	IMG_0333	3391.449	1911.091
2021	IMG_0333	3375.805	1634.387
2022	IMG_0333	3465.411	1734.253
2023	IMG_0333	3370.041	414.086
2024	IMG_0333	3477.916	517.168
2025	IMG_0333	3459.495	281.797
2026	IMG_0333	3655.255	2205.308
2027	IMG_0333	3553.941	995.799
2028	IMG_0333	3640.331	1916.562
2029	IMG_0333	3590.650	1281.118
2030	IMG_0333	3547.485	727.630
2031	IMG_0333	3707.316	2078.720
2032	IMG_0333	3600.157	840.105
2033	IMG_0333	3774.548	651.388
2034	IMG_0333	3841.795	1231.517
2035	IMG_0333	3877.766	1583.181
2036	IMG_0333	3911.307	1908.986
2037	IMG_0333	3871.721	1452.217
2038	IMG_0333	3972.843	275.768
2039	IMG_0333	4017.313	549.618
2040	IMG_0333	3960.830	42.344
3001	IMG_0333	2898.000	2339.000
3002	IMG_0333	3854.000	2514.000
3004	IMG_0333	2620.000	2371.000
3005	IMG_0333	3450.000	2596.000
3007	IMG_0333	2238.000	2410.000
3008	IMG_0333	3154.000	2669.000
3010	IMG_0333	1714.000	2465.000
3011	IMG_0333	2353.365	2808.256
4005	IMG_0333	1846.373	137.050
4006	IMG_0333	2298.552	298.624
4008	IMG_0333	384.966		291.926
4009	IMG_0333	1039.387	422.261
4010	IMG_0333	1636.238	557.259
4011	IMG_0333	2082.025	651.827
4012	IMG_0333	2478.723	733.829
4015	IMG_0333	725.993		1004.372
4016	IMG_0333	1350.486	1089.668
4017	IMG_0333	1904.166	1162.382
4018	IMG_0333	2320.707	1202.179
4019	IMG_0333	2685.478	1242.965
4021	IMG_0333	344.890		1735.151
4022	IMG_0333	1075.226	1734.542
4023	IMG_0333	1661.584	1737.020
4025	IMG_0333	2546.595	1760.566
4028	IMG_0333	667.928		2305.148
4029	IMG_0333	1419.802	2226.410
4030	IMG_0333	1942.285	2220.013
4031	IMG_0333	2354.047	2183.635
4032	IMG_0333	2740.001	2164.342
5019	IMG_0333	2690.691	600.031
5026	IMG_0333	2688.437	770.664
5078	IMG_0333	2697.755	1958.249
5079	IMG_0333	2845.469	1967.201
6003	IMG_0333	2932.968	713.990
6004	IMG_0333	3295.229	589.704
6005	IMG_0333	3682.973	423.714
6010	IMG_0333	2937.834	1171.385
6011	IMG_0333	3315.782	1084.084
6012	IMG_0333	3817.873	936.614
6016	IMG_0333	3144.689	1650.252
6021	IMG_0333	2985.454	2146.817
6022	IMG_0333	3422.144	2178.287
6023	IMG_0333	3916.526	2230.233
7001	IMG_0333	3330.000	2424.000
7003	IMG_0333	3002.000	2481.000
7005	IMG_0333	2426.000	2553.000
7006	IMG_0333	3710.000	2980.000
7007	IMG_0333	1126.000	2564.000
7008	IMG_0333	1322.559	2709.160
7009	IMG_0333	1650.540	2972.435
7012	IMG_0333	165.000		2680.000
7013	IMG_0333	229.000		2901.000
1097	IMG_0334	605.909		2869.736
1098	IMG_0334	1345.632	2773.102
1099	IMG_0334	1107.724	2772.567
1100	IMG_0334	1013.629	2755.102
1105	IMG_0334	641.205		2523.089
1106	IMG_0334	326.342		2536.477
1107	IMG_0334	1360.245	2461.268
1108	IMG_0334	1686.055	2413.688
1109	IMG_0334	1408.013	2312.166
1110	IMG_0334	150.737		2364.768
1113	IMG_0334	666.687		2237.062
1114	IMG_0334	11.887		2228.983
1115	IMG_0334	1350.033	2178.544
1116	IMG_0334	1147.880	2175.436
1117	IMG_0334	822.516		2097.738
1121	IMG_0334	85.143		1981.003
1122	IMG_0334	724.470		1968.663
1123	IMG_0334	417.264		1966.753
1124	IMG_0334	1366.783	1930.135
1125	IMG_0334	1653.612	1926.604
1129	IMG_0334	156.295		1737.482
1130	IMG_0334	723.948		1735.558
1131	IMG_0334	1351.973	1706.325
1132	IMG_0334	1172.620	1701.386
1133	IMG_0334	1535.941	1600.715
1134	IMG_0334	656.579		1574.529
1137	IMG_0334	511.098		1516.372
1138	IMG_0334	775.218		1509.489
1139	IMG_0334	1375.389	1523.225
1140	IMG_0334	1614.306	1528.426
1141	IMG_0334	206.150		1494.991
1143	IMG_0334	1239.508	1376.061
1145	IMG_0334	269.537		1297.439
1146	IMG_0334	1143.903	1299.897
1147	IMG_0334	400.015		1252.595
1148	IMG_0334	806.762		1270.748
2000	IMG_0334	652.553		1103.288
2001	IMG_0334	1033.321	1118.028
2002	IMG_0334	1337.185	1131.258
2004	IMG_0334	210.010		1034.855
2005	IMG_0334	753.000		1063.410
2006	IMG_0334	1188.584	1044.000
2007	IMG_0334	1300.916	1034.623
2008	IMG_0334	35.097		893.343
2010	IMG_0334	729.516		881.660
2011	IMG_0334	449.450		859.465
2013	IMG_0334	144.333		825.391
2014	IMG_0334	1340.915	915.549
2015	IMG_0334	1552.319	927.373
2016	IMG_0334	824.774		814.328
2018	IMG_0334	737.844		673.801
2019	IMG_0334	82.241		611.555
2020	IMG_0334	1326.236	724.295
2021	IMG_0334	1045.600	692.707
2022	IMG_0334	1153.735	629.191
2026	IMG_0334	1609.612	547.160
2027	IMG_0334	339.142		407.215
2028	IMG_0334	1342.475	508.850
2029	IMG_0334	676.817		430.325
2030	IMG_0334	10.163		360.602
2031	IMG_0334	1496.869	481.146
2032	IMG_0334	154.300		330.639
2034	IMG_0334	644.236		189.261
2035	IMG_0334	1024.652	235.892
2036	IMG_0334	1347.608	275.984
2037	IMG_0334	887.235		212.155
3001	IMG_0334	1712.000	1217.000
3002	IMG_0334	1888.000	445.000
3004	IMG_0334	1743.000	1476.000
3005	IMG_0334	1965.000	809.000
3007	IMG_0334	1782.000	1843.000
3008	IMG_0334	2037.043	1079.636
3010	IMG_0334	1830.000	2366.000
3011	IMG_0334	2170.627	1804.576
3012	IMG_0334	2896.473	119.219
4016	IMG_0334	255.828		2903.976
4017	IMG_0334	390.665		2211.336
4018	IMG_0334	472.806		1720.104
4019	IMG_0334	548.880		1316.401
;4023	IMG_0334	1082.757	2465.103
4025	IMG_0334	1139.942	1503.117
4029	IMG_0334	1594.691	2690.739
4030	IMG_0334	1596.991	2135.387
4031	IMG_0334	1566.217	1718.260
4032	IMG_0334	1548.637	1343.682
5078	IMG_0334	1348.432	1366.531
5079	IMG_0334	1358.481	1224.168
6010	IMG_0334	481.863		1043.138
6011	IMG_0334	417.747		654.366
6012	IMG_0334	299.987		144.316
6016	IMG_0334	1047.245	907.481
6021	IMG_0334	1535.074	1115.551
6022	IMG_0334	1577.610	739.737
6023	IMG_0334	1639.679	334.732
7001	IMG_0334	1799.000	858.000
7003	IMG_0334	1855.000	1157.000
7005	IMG_0334	1928.000	1689.000
;7006	IMG_0334	2308.000	713.000
7007	IMG_0334	1929.076	2977.000
7008	IMG_0334	2075.000	2778.000
7009	IMG_0334	2330.066	2475.803
7010	IMG_0334	2673.591	1959.457
1065	IMG_0335	10.979		2307.346
1066	IMG_0335	13.504		2085.247
1067	IMG_0335	160.274		2037.567
1069	IMG_0335	379.391		171.023
1070	IMG_0335	372.015		1170.439
1071	IMG_0335	389.902		879.267
1072	IMG_0335	415.192		36.008
1073	IMG_0335	389.956		1533.322
1074	IMG_0335	393.323		2552.511
1075	IMG_0335	406.842		2311.229
1076	IMG_0335	502.744		1239.439
1077	IMG_0335	675.454		775.684
1078	IMG_0335	739.928		554.477
1079	IMG_0335	762.157		929.592
1080	IMG_0335	770.739		246.607
1081	IMG_0335	752.665		1538.923
1082	IMG_0335	785.004		2244.498
1083	IMG_0335	802.174		2030.549
1084	IMG_0335	956.075		1619.368
1085	IMG_0335	980.102		2487.827
1086	IMG_0335	1086.437	293.527
1087	IMG_0335	1088.181	937.924
1088	IMG_0335	1105.774	6.961
1089	IMG_0335	1086.796	1226.017
1090	IMG_0335	1086.964	1555.914
1091	IMG_0335	1104.253	2220.736
1092	IMG_0335	1128.821	2557.353
1093	IMG_0335	1223.714	1109.368
1094	IMG_0335	1380.202	345.695
1095	IMG_0335	1394.921	636.995
1096	IMG_0335	1394.902	985.853
1097	IMG_0335	1391.072	1551.892
1098	IMG_0335	1403.945	2171.890
1099	IMG_0335	1427.226	1960.392
1100	IMG_0335	1450.431	1876.676
1101	IMG_0335	1530.681	490.553
1102	IMG_0335	1659.193	166.814
1103	IMG_0335	1677.197	406.086
1104	IMG_0335	1678.929	1007.574
1105	IMG_0335	1673.958	1545.386
1106	IMG_0335	1682.649	1297.942
1107	IMG_0335	1675.048	2158.470
1108	IMG_0335	1692.868	2465.788
1109	IMG_0335	1804.879	2189.281
1110	IMG_0335	1831.883	1143.345
1111	IMG_0335	1920.465	718.087
1112	IMG_0335	1927.007	452.315
1113	IMG_0335	1913.598	1536.362
1114	IMG_0335	1948.176	1020.446
1115	IMG_0335	1929.565	2124.505
1116	IMG_0335	1943.041	1940.035
1117	IMG_0335	2026.874	1650.171
1118	IMG_0335	2070.563	403.111
1119	IMG_0335	2153.908	271.867
1120	IMG_0335	2152.762	502.351
1121	IMG_0335	2151.960	1049.347
1122	IMG_0335	2144.036	1555.962
1123	IMG_0335	2154.921	1306.580
1124	IMG_0335	2158.500	2119.035
1125	IMG_0335	2152.464	2398.676
1126	IMG_0335	2344.385	900.39
1127	IMG_0335	2361.624	574.899
1128	IMG_0335	2357.491	782.974
1129	IMG_0335	2358.512	1074.517
1130	IMG_0335	2352.137	1530.942
1131	IMG_0335	2372.158	2086.747
1132	IMG_0335	2378.535	1919.565
1133	IMG_0335	2475.112	2256.758
1134	IMG_0335	2499.667	1456.784
1135	IMG_0335	2573.310	438.705
1136	IMG_0335	2570.055	609.161
1137	IMG_0335	2553.192	1330.634
1138	IMG_0335	2560.442	1550.587
1139	IMG_0335	2551.530	2094.642
1140	IMG_0335	2548.684	2331.567
1141	IMG_0335	2572.330	1082.805
1142	IMG_0335	2711.646	734.867
1143	IMG_0335	2695.984	1953.224
1145	IMG_0335	2752.876	1108.066
1146	IMG_0335	2769.693	1858.400
1147	IMG_0335	2796.981	1207.622
1148	IMG_0335	2788.997	1553.055
2000	IMG_0335	2948.567	1414.270
2001	IMG_0335	2949.688	1755.034
2002	IMG_0335	2950.464	2043.913
2003	IMG_0335	3006.479	619.627
2004	IMG_0335	2999.301	1049.514
2005	IMG_0335	2992.878	1508.527
2006	IMG_0335	3034.874	1914.339
2007	IMG_0335	3051.425	2024.776
2008	IMG_0335	3129.936	919.173
2009	IMG_0335	3197.665	566.486
2010	IMG_0335	3177.500	1513.180
2011	IMG_0335	3183.828	1270.450
2012	IMG_0335	3198.524	791.99
2013	IMG_0335	3201.510	1016.825
2014	IMG_0335	3182.419	2087.325
2015	IMG_0335	3185.361	2302.340
2016	IMG_0335	3253.544	1608.539
2017	IMG_0335	3414.769	502.093
2018	IMG_0335	3394.885	1550.510
2019	IMG_0335	3411.074	986.752
2020	IMG_0335	3391.002	2108.614
2021	IMG_0335	3400.561	1836.451
2022	IMG_0335	3479.583	1952.016
2023	IMG_0335	3511.178	566.31
2024	IMG_0335	3612.658	704.51
2025	IMG_0335	3618.221	441.722
2026	IMG_0335	3618.900	2441.693
2027	IMG_0335	3640.781	1229.547
2028	IMG_0335	3633.069	2165.930
2029	IMG_0335	3648.287	1530.041
2030	IMG_0335	3662.342	946.157
2031	IMG_0335	3681.826	2332.899
2032	IMG_0335	3704.321	1075.795
2033	IMG_0335	3904.607	915.933
2034	IMG_0335	3905.646	1534.820
2035	IMG_0335	3901.151	1893.758
2036	IMG_0335	3897.394	2216.038
2037	IMG_0335	3910.234	1761.716
3001	IMG_0335	2879.103	2443.767
3002	IMG_0335	3770.624	2836.513
3004	IMG_0335	2606.822	2496.996
3005	IMG_0335	3369.052	2978.754
3007	IMG_0335	2235.096	2562.543
3010	IMG_0335	1730.524	2642.295
4004	IMG_0335	1395.621	78.066
4005	IMG_0335	1917.778	209.65
4006	IMG_0335	2391.049	352.384
4008	IMG_0335	390.228		506.808
4009	IMG_0335	1070.959	596.255
4010	IMG_0335	1688.189	694.468
4011	IMG_0335	2147.882	760.369
4012	IMG_0335	2557.027	816.648
4015	IMG_0335	762.169		1240.325
4016	IMG_0335	1390.923	1280.940
4017	IMG_0335	1948.305	1313.469
4018	IMG_0335	2369.618	1323.113
4019	IMG_0335	2739.884	1339.015
4021	IMG_0335	409.252		1999.985
4022	IMG_0335	1118.097	1948.900
4023	IMG_0335	1692.657	1910.272
4025	IMG_0335	2569.246	1872.661
4027	IMG_0335	98.560		2600.339
4028	IMG_0335	735.721		2518.815
4029	IMG_0335	1451.960	2397.827
4030	IMG_0335	1956.364	2358.028
4031	IMG_0335	2358.449	2296.585
4032	IMG_0335	2737.055	2253.092
5019	IMG_0335	2787.957	653.668
5026	IMG_0335	2773.854	839.561
5078	IMG_0335	2708.239	2056.719
5079	IMG_0335	2853.847	2055.665
6003	IMG_0335	3031.879	794.165
6004	IMG_0335	3416.249	741.447
6005	IMG_0335	3836.145	648.968
6010	IMG_0335	3001.762	1275.990
6011	IMG_0335	3390.654	1268.648
6012	IMG_0335	3915.456	1226.498
6016	IMG_0335	3170.868	1802.364
6021	IMG_0335	2977.843	2247.226
6022	IMG_0335	3396.929	2367.964
6023	IMG_0335	3866.569	2518.925
7001	IMG_0335	3283.626	2633.813
7003	IMG_0335	2958.388	2736.602
7005	IMG_0335	2401.922	2856.860
7007	IMG_0335	1171.162	2805.926
7012	IMG_0335	279.227		2972.353
1091	IMG_0336	1986.036	2980.720
1092	IMG_0336	2304.720	2909.365
1093	IMG_0336	762.268		3000.516
1095	IMG_0336	166.161		2861.097
1096	IMG_0336	609.554		2818.635
1097	IMG_0336	1278.641	2751.039
1098	IMG_0336	1926.888	2661.894
1099	IMG_0336	1715.003	2660.898
1100	IMG_0336	1628.142	2644.972
1104	IMG_0336	639.229		2477.977
1105	IMG_0336	1269.020	2431.956
1106	IMG_0336	987.255		2445.845
1107	IMG_0336	1904.134	2375.073
1108	IMG_0336	2191.017	2332.516
1109	IMG_0336	1928.842	2236.927
1110	IMG_0336	804.947		2287.844
1111	IMG_0336	281.965		2215.951
1113	IMG_0336	1256.963	2166.730
1114	IMG_0336	658.526		2162.961
1115	IMG_0336	1862.421	2112.316
1116	IMG_0336	1681.110	2109.053
1117	IMG_0336	1379.171	2036.776
1120	IMG_0336	14.281		1952.902
1121	IMG_0336	696.472		1929.502
1122	IMG_0336	1275.952	1916.077
1123	IMG_0336	997.944		1914.906
1124	IMG_0336	1848.523	1880.008
1125	IMG_0336	2106.658	1877.903
1126	IMG_0336	520.529		1719.015
1127	IMG_0336	115.679		1707.227
1128	IMG_0336	377.077		1707.219
1129	IMG_0336	729.709		1699.285
1130	IMG_0336	1246.568	1697.046
1131	IMG_0336	1809.209	1669.359
1132	IMG_0336	1647.492	1664.498
1133	IMG_0336	1962.373	1569.361
1134	IMG_0336	1163.999	1544.228
1136	IMG_0336	168.386		1470.656
1137	IMG_0336	1024.705	1488.934
1138	IMG_0336	1264.470	1482.235
1139	IMG_0336	1809.229	1495.613
1140	IMG_0336	2026.195	1500.283
1141	IMG_0336	742.328		1468.448
1142	IMG_0336	329.739		1315.628
1143	IMG_0336	1668.502	1354.896
1145	IMG_0336	773.776		1278.709
1146	IMG_0336	1573.568	1281.856
1147	IMG_0336	887.042		1235.616
1148	IMG_0336	1262.785	1253.639
2000	IMG_0336	1114.518	1092.439
2001	IMG_0336	1466.962	1107.481
2002	IMG_0336	1746.015	1120.020
2003	IMG_0336	202.771		998.642
2004	IMG_0336	712.366		1026.313
2005	IMG_0336	1215.062	1055.040
2006	IMG_0336	1622.283	1037.344
2007	IMG_0336	1726.418	1028.269
2008	IMG_0336	567.922		890.448
2009	IMG_0336	152.574		800.893
2010	IMG_0336	1221.723	882.837
2011	IMG_0336	964.496		860.813
2012	IMG_0336	422.862		814.696
2013	IMG_0336	683.588		826.738
2014	IMG_0336	1782.448	915.581
2015	IMG_0336	1976.176	925.905
2016	IMG_0336	1319.693	819.280
2017	IMG_0336	91.880		578.913
2018	IMG_0336	1261.796	686.293
2019	IMG_0336	658.485		623.261
2020	IMG_0336	1798.257	734.506
2021	IMG_0336	1544.064	704.925
2022	IMG_0336	1652.311	644.764
2023	IMG_0336	175.919		489.072
2024	IMG_0336	345.631		404.265
2025	IMG_0336	36.214		373.041
2026	IMG_0336	2086.847	566.324
2027	IMG_0336	931.888		432.575
2028	IMG_0336	1845.782	530.986
2029	IMG_0336	1242.989	456.866
2030	IMG_0336	623.709		382.460
2031	IMG_0336	1991.676	504.397
2032	IMG_0336	768.175		357.499
2033	IMG_0336	600.925		154.008
2034	IMG_0336	1249.806	229.704
2035	IMG_0336	1594.697	274.952
2036	IMG_0336	1886.295	312.307
2037	IMG_0336	1470.255	252.153
3001	IMG_0336	2110.986	1201.797
3002	IMG_0336	2417.033	477.861
3004	IMG_0336	2172.389	1452.187
3005	IMG_0336	2555.390	829.882
3007	IMG_0336	2250.844	1799.107
3008	IMG_0336	2684.713	1088.115
3010	IMG_0336	2350.407	2287.052
3011	IMG_0336	2920.422	1764.227
4010	IMG_0336	245.145		2496.561
4011	IMG_0336	341.820		1947.518
4012	IMG_0336	424.443		1485.212
4016	IMG_0336	966.664		2786.305
4017	IMG_0336	1005.057	2143.587
4018	IMG_0336	1016.385	1682.352
4019	IMG_0336	1033.034	1297.348
4022	IMG_0336	1711.297	3002.000
4023	IMG_0336	1656.892	2377.912
4025	IMG_0336	1594.471	1476.351
4029	IMG_0336	2139.948	2587.290
4030	IMG_0336	2079.333	2073.131
4031	IMG_0336	2003.946	1680.874
4032	IMG_0336	1946.183	1323.417
5019	IMG_0336	232.493		1231.268
5026	IMG_0336	458.905		1250.691
5078	IMG_0336	1766.640	1345.842
5079	IMG_0336	1759.412	1208.596
6003	IMG_0336	415.377		981.344
6004	IMG_0336	376.316		597.264
6005	IMG_0336	295.679		185.703
6010	IMG_0336	965.779		1035.049
6011	IMG_0336	967.338		666.732
6012	IMG_0336	935.059		183.327
6016	IMG_0336	1512.080	907.838
6021	IMG_0336	1931.575	1104.634
6022	IMG_0336	2028.203	748.287
6023	IMG_0336	2146.912	366.622
7001	IMG_0336	2262.576	866.339
7003	IMG_0336	2368.742	1157.863
7004	IMG_0336	2838.311	215.782
7005	IMG_0336	2504.820	1658.274
7006	IMG_0336	3145.489	767.280
7007	IMG_0336	2532.483	2843.497
7008	IMG_0336	2777.736	2652.054
7009	IMG_0336	3189.394	2363.777
7010	IMG_0336	3730.390	1898.534
1074	IMG_0337	140.672		1924.055
1075	IMG_0337	94.408		1718.926
1079	IMG_0337	112.209		207.894
1081	IMG_0337	265.623		925.946
1082	IMG_0337	467.623		1610.010
1083	IMG_0337	438.853		1413.835
1084	IMG_0337	512.797		984.517
1085	IMG_0337	711.561		1790.504
1087	IMG_0337	510.152		173.138
1089	IMG_0337	573.591		529.434
1090	IMG_0337	645.136		902.121
1091	IMG_0337	790.124		1547.690
1092	IMG_0337	868.806		1828.676
1093	IMG_0337	709.929		369.931
1096	IMG_0337	890.556		195.431
1097	IMG_0337	981.701		860.659
1098	IMG_0337	1086.964	1466.821
1099	IMG_0337	1081.928	1269.672
1100	IMG_0337	1094.417	1185.337
1104	IMG_0337	1232.231	188.663
1105	IMG_0337	1291.516	819.804
1106	IMG_0337	1272.138	541.079
1107	IMG_0337	1358.025	1421.082
1108	IMG_0337	1402.838	1680.768
1109	IMG_0337	1489.792	1431.396
1110	IMG_0337	1426.131	337.769
1113	IMG_0337	1551.436	781.581
1114	IMG_0337	1550.454	173.078
1115	IMG_0337	1608.555	1359.334
1116	IMG_0337	1610.617	1187.903
1117	IMG_0337	1680.088	888.138
1121	IMG_0337	1787.990	185.835
1122	IMG_0337	1799.476	774.957
1123	IMG_0337	1801.775	495.124
1124	IMG_0337	1832.244	1325.840
1125	IMG_0337	1833.427	1566.365
1129	IMG_0337	2023.333	193.965
1130	IMG_0337	2018.668	722.611
1131	IMG_0337	2038.017	1269.390
1132	IMG_0337	2045.032	1113.920
1133	IMG_0337	2133.331	1404.366
1134	IMG_0337	2174.056	622.553
1137	IMG_0337	2233.550	475.518
1138	IMG_0337	2234.677	717.945
1139	IMG_0337	2208.993	1252.983
1140	IMG_0337	2199.774	1459.203
1141	IMG_0337	2261.444	179.936
1143	IMG_0337	2352.321	1103.336
1145	IMG_0337	2457.846	190.817
1146	IMG_0337	2428.545	1004.413
1147	IMG_0337	2498.755	303.429
1148	IMG_0337	2467.372	691.680
2000	IMG_0337	2639.337	536.771
2001	IMG_0337	2609.882	895.902
2002	IMG_0337	2586.323	1171.733
2004	IMG_0337	2726.230	122.984
2005	IMG_0337	2674.111	647.574
2006	IMG_0337	2675.703	1062.004
2007	IMG_0337	2680.398	1165.636
2010	IMG_0337	2853.453	681.772
2011	IMG_0337	2889.506	417.962
2013	IMG_0337	2940.454	124.184
2014	IMG_0337	2792.732	1238.867
2015	IMG_0337	2773.239	1424.813
2016	IMG_0337	2914.335	791.281
2018	IMG_0337	3055.573	754.123
2019	IMG_0337	3159.096	130.687
2020	IMG_0337	2975.854	1282.374
2021	IMG_0337	3020.204	1036.222
2022	IMG_0337	3075.533	1152.314
2026	IMG_0337	3128.616	1585.213
2027	IMG_0337	3343.333	452.634
2028	IMG_0337	3179.267	1359.909
2029	IMG_0337	3296.065	771.219
2030	IMG_0337	3418.920	132.754
2031	IMG_0337	3197.045	1503.452
2032	IMG_0337	3434.928	290.479
2033	IMG_0337	3664.484	146.713
2034	IMG_0337	3532.022	814.538
2035	IMG_0337	3458.517	1153.976
2036	IMG_0337	3398.550	1432.936
2037	IMG_0337	3491.575	1032.922
2039	IMG_0337	3935.600	137.059
3001	IMG_0337	2492.333	1537.649
3002	IMG_0337	3197.061	1956.138
3004	IMG_0337	2246.070	1619.906
3005	IMG_0337	2848.367	2133.439
3007	IMG_0337	1911.313	1723.662
3008	IMG_0337	2598.358	2297.364
3010	IMG_0337	1451.834	1849.673
3011	IMG_0337	1967.556	2578.089
4015	IMG_0337	196.948		587.392
4016	IMG_0337	936.525		555.690
4017	IMG_0337	1572.687	527.087
4018	IMG_0337	2036.621	488.225
4019	IMG_0337	2430.117	462.522
4021	IMG_0337	15.000		1435.355
4022	IMG_0337	755.899		1295.941
4023	IMG_0337	1351.259	1189.116
4025	IMG_0337	2232.921	1043.792
4028	IMG_0337	474.899		1848.900
4029	IMG_0337	1162.811	1655.090
4030	IMG_0337	1647.147	1557.332
4031	IMG_0337	2024.302	1453.864
4032	IMG_0337	2375.727	1367.911
5078	IMG_0337	2358.690	1198.171
5079	IMG_0337	2495.834	1178.491
6010	IMG_0337	2705.917	390.930
6011	IMG_0337	3093.936	451.907
6012	IMG_0337	3606.259	496.420
6016	IMG_0337	2813.377	972.290
6021	IMG_0337	2594.746	1354.630
6022	IMG_0337	2949.440	1501.791
6023	IMG_0337	3325.017	1672.571
7001	IMG_0337	2820.941	1745.350
7002	IMG_0337	3815.709	2288.666
7003	IMG_0337	2533.480	1885.459
7004	IMG_0337	3424.955	2502.342
7005	IMG_0337	2054.288	2058.600
7006	IMG_0337	2889.868	2868.704
7007	IMG_0337	946.704		2076.698
7008	IMG_0337	1145.564	2385.832
7009	IMG_0337	1437.218	2885.111
7012	IMG_0337	133.291		2333.732
7013	IMG_0337	299.576		2784.854
1085	IMG_0338	2291.037	2998.985
1091	IMG_0338	2047.679	2940.581
1092	IMG_0338	2319.242	2839.245
1096	IMG_0338	685.316		2941.961
1097	IMG_0338	1352.737	2798.001
1098	IMG_0338	1950.254	2645.257
1099	IMG_0338	1755.517	2665.250
1100	IMG_0338	1670.817	2658.624
1104	IMG_0338	659.817		2591.026
1105	IMG_0338	1294.507	2484.752
1106	IMG_0338	1014.833	2524.602
1107	IMG_0338	1889.576	2374.339
1108	IMG_0338	2142.417	2310.716
1109	IMG_0338	1892.050	2240.298
1110	IMG_0338	801.044		2381.443
1111	IMG_0338	229.556		2352.344
1113	IMG_0338	1241.894	2222.600
1114	IMG_0338	627.580		2265.571
1115	IMG_0338	1814.130	2125.203
1116	IMG_0338	1644.021	2134.750
1117	IMG_0338	1341.358	2084.661
1121	IMG_0338	628.559		2021.731
1122	IMG_0338	1221.869	1971.039
1123	IMG_0338	940.780		1987.284
1124	IMG_0338	1768.368	1901.475
1125	IMG_0338	2005.137	1884.732
1126	IMG_0338	402.343		1813.166
1128	IMG_0338	244.464		1808.534
1129	IMG_0338	625.043		1781.281
1130	IMG_0338	1157.823	1752.628
1131	IMG_0338	1701.064	1698.153
1132	IMG_0338	1546.594	1700.943
1133	IMG_0338	1828.749	1594.417
1134	IMG_0338	1049.633	1601.657
1137	IMG_0338	899.023		1550.599
1138	IMG_0338	1142.094	1534.907
1139	IMG_0338	1675.526	1528.101
1140	IMG_0338	1878.761	1525.124
1141	IMG_0338	599.175		1540.438
1142	IMG_0338	121.193		1393.119
1143	IMG_0338	1519.598	1393.696
1145	IMG_0338	600.879		1341.073
1146	IMG_0338	1417.368	1323.460
1147	IMG_0338	712.591		1293.205
1148	IMG_0338	1104.130	1302.577
2000	IMG_0338	941.799		1140.986
2001	IMG_0338	1301.455	1151.094
2002	IMG_0338	1575.743	1159.749
2004	IMG_0338	522.933		1078.479
2005	IMG_0338	1052.313	1101.939
2006	IMG_0338	1464.490	1080.115
2007	IMG_0338	1566.508	1070.350
2008	IMG_0338	383.790		938.167
2010	IMG_0338	1082.357	929.095
2011	IMG_0338	817.859		907.015
2012	IMG_0338	235.453		859.438
2013	IMG_0338	521.415		872.282
2014	IMG_0338	1634.563	960.917
2015	IMG_0338	1817.051	970.536
2016	IMG_0338	1189.289	866.016
2018	IMG_0338	1149.156	734.215
2019	IMG_0338	525.123		663.293
2020	IMG_0338	1670.532	786.438
2021	IMG_0338	1428.222	755.322
2022	IMG_0338	1540.093	698.288
2023	IMG_0338	7.000		514.000
2024	IMG_0338	214.479		431.900
2026	IMG_0338	1958.004	630.982
2027	IMG_0338	843.686		476.103
2028	IMG_0338	1738.347	592.948
2029	IMG_0338	1159.864	507.879
2030	IMG_0338	523.163		417.206
2031	IMG_0338	1876.376	570.749
2032	IMG_0338	680.398		396.134
2033	IMG_0338	532.534		185.536
2034	IMG_0338	1195.994	286.754
2035	IMG_0338	1528.924	342.378
2036	IMG_0338	1800.721	387.395
2037	IMG_0338	1410.163	316.125
3001	IMG_0338	1940.059	1234.880
3002	IMG_0338	2312.891	561.103
3004	IMG_0338	2035.271	1473.814
3005	IMG_0338	2503.308	893.290
3007	IMG_0338	2156.235	1801.217
3008	IMG_0338	2675.441	1130.842
3010	IMG_0338	2306.332	2253.152
3011	IMG_0338	2982.608	1731.101
4010	IMG_0338	238.089		2650.091
4011	IMG_0338	247.703		2064.774
4012	IMG_0338	257.282		1570.714
4016	IMG_0338	1048.037	2867.513
4017	IMG_0338	984.790		2218.535
4018	IMG_0338	921.688		1749.154
4019	IMG_0338	876.199		1353.224
4022	IMG_0338	1799.559	2993.000
4023	IMG_0338	1659.937	2397.716
4025	IMG_0338	1467.084	1516.729
4029	IMG_0338	2131.332	2554.848
4030	IMG_0338	2006.983	2072.786
4031	IMG_0338	1883.688	1700.589
4032	IMG_0338	1779.156	1355.414
5019	IMG_0338	6.510		1304.900
5026	IMG_0338	254.204		1319.989
5078	IMG_0338	1613.118	1382.012
5079	IMG_0338	1586.003	1246.642
6003	IMG_0338	200.229		1034.278
6004	IMG_0338	217.682		632.430
6005	IMG_0338	192.903		204.836
6010	IMG_0338	794.004		1084.514
6011	IMG_0338	847.793		711.318
6012	IMG_0338	881.259		228.789
6016	IMG_0338	1371.516	953.536
6021	IMG_0338	1755.282	1142.633
6022	IMG_0338	1884.800	801.832
6023	IMG_0338	2033.609	445.931
7001	IMG_0338	2128.048	917.856
7003	IMG_0338	2281.117	1193.732
7004	IMG_0338	2820.703	354.991
7005	IMG_0338	2477.533	1655.309
7006	IMG_0338	3196.403	856.876
7007	IMG_0338	2559.094	2746.952
7008	IMG_0338	2849.407	2536.937
7009	IMG_0338	3307.810	2235.442
7010	IMG_0338	3854.061	1802.590
1084	IMG_0339	29.114		1076.745
1085	IMG_0339	34.928		2297.248
1087	IMG_0339	223.070		222.219
1089	IMG_0339	209.203		588.888
1090	IMG_0339	199.533		1022.062
1091	IMG_0339	206.969		1925.644
1092	IMG_0339	233.903		2392.218
1093	IMG_0339	379.688		489.242
1096	IMG_0339	584.815		398.051
1097	IMG_0339	573.031		1092.318
1098	IMG_0339	582.572		1882.780
1099	IMG_0339	611.921		1614.653
1100	IMG_0339	636.512		1513.572
1104	IMG_0339	889.573		521.485
1105	IMG_0339	884.483		1148.085
1106	IMG_0339	893.318		858.269
1107	IMG_0339	884.984		1885.566
1108	IMG_0339	902.875		2261.858
1109	IMG_0339	1016.861	1931.856
1110	IMG_0339	1040.306	723.183
1111	IMG_0339	1123.924	284.201
1112	IMG_0339	1129.209	9.397
1113	IMG_0339	1123.999	1186.773
1114	IMG_0339	1151.970	620.219
1115	IMG_0339	1141.640	1862.268
1116	IMG_0339	1154.439	1651.478
1117	IMG_0339	1229.032	1336.517
1118	IMG_0339	1254.688	18.403
1120	IMG_0339	1326.304	143.794
1121	IMG_0339	1333.998	709.524
1122	IMG_0339	1334.942	1251.588
1123	IMG_0339	1340.828	984.409
1124	IMG_0339	1351.886	1869.767
1125	IMG_0339	1347.016	2180.378
1126	IMG_0339	1488.424	610.502
1127	IMG_0339	1496.784	289.650
1128	IMG_0339	1498.064	495.300
1129	IMG_0339	1505.345	790.327
1130	IMG_0339	1508.999	1260.867
1131	IMG_0339	1530.821	1846.682
1132	IMG_0339	1535.294	1670.743
1133	IMG_0339	1611.544	2030.666
1134	IMG_0339	1621.294	1210.383
1135	IMG_0339	1653.111	228.275
1136	IMG_0339	1654.718	389.887
1137	IMG_0339	1660.232	1092.609
1138	IMG_0339	1669.948	1313.897
1139	IMG_0339	1670.316	1864.025
1140	IMG_0339	1670.016	2108.929
1141	IMG_0339	1668.020	850.933
1142	IMG_0339	1756.664	551.514
1143	IMG_0339	1772.499	1730.670
1145	IMG_0339	1796.616	915.855
1146	IMG_0339	1824.199	1642.240
1147	IMG_0339	1827.810	1020.438
1148	IMG_0339	1831.685	1348.664
2000	IMG_0339	1955.943	1227.403
2001	IMG_0339	1968.552	1543.129
2002	IMG_0339	1976.772	1815.397
2003	IMG_0339	1988.831	503.004
2004	IMG_0339	1998.393	889.418
2005	IMG_0339	2007.316	1308.843
2006	IMG_0339	2063.328	1676.713
2007	IMG_0339	2082.042	1776.658
2008	IMG_0339	2125.478	770.977
2009	IMG_0339	2179.887	464.657
2010	IMG_0339	2195.415	1292.283
2011	IMG_0339	2193.330	1077.352
2012	IMG_0339	2189.521	658.985
2013	IMG_0339	2201.405	854.312
2014	IMG_0339	2218.585	1806.072
2015	IMG_0339	2228.169	2001.949
2016	IMG_0339	2271.212	1368.275
2017	IMG_0339	2381.575	419.553
2018	IMG_0339	2402.953	1300.886
2019	IMG_0339	2397.646	822.631
2020	IMG_0339	2419.441	1782.953
2021	IMG_0339	2418.439	1545.042
2022	IMG_0339	2492.657	1632.672
2023	IMG_0339	2468.824	476.348
2024	IMG_0339	2563.426	589.624
2025	IMG_0339	2558.334	379.240
2026	IMG_0339	2636.914	2023.930
2027	IMG_0339	2607.179	1013.232
2028	IMG_0339	2637.349	1786.437
2029	IMG_0339	2624.969	1257.513
2030	IMG_0339	2614.906	783.532
2031	IMG_0339	2684.655	1918.572
2032	IMG_0339	2653.390	887.067
2033	IMG_0339	2810.834	754.630
2034	IMG_0339	2835.789	1236.534
2035	IMG_0339	2847.655	1520.594
2036	IMG_0339	2859.542	1779.885
2037	IMG_0339	2847.467	1415.730
2038	IMG_0339	2990.126	479.549
2039	IMG_0339	3010.461	708.541
2040	IMG_0339	2995.472	286.361
2041	IMG_0339	3544.269	586.916
2042	IMG_0339	3565.584	708.058
2043	IMG_0339	3544.835	134.472
2044	IMG_0339	3757.017	1889.140
2045	IMG_0339	3750.179	1154.706
2046	IMG_0339	3734.598	117.181
2048	IMG_0339	4020.024	531.035
3001	IMG_0339	1961.000	2184.000
3002	IMG_0339	2881.000	2260.000
3004	IMG_0339	1782.000	2235.000
3005	IMG_0339	2752.000	2350.000
3007	IMG_0339	1500.000	2308.000
3008	IMG_0339	2681.000	2434.000
3010	IMG_0339	1028.000	2422.000
3011	IMG_0339	2322.866	2645.301
4006	IMG_0339	1515.303	81.723
4010	IMG_0339	899.897		171.958
4011	IMG_0339	1325.695	406.393
4012	IMG_0339	1650.105	586.301
4016	IMG_0339	574.907		755.171
4017	IMG_0339	1154.734	943.545
4018	IMG_0339	1518.798	1048.517
4019	IMG_0339	1793.441	1134.849
4022	IMG_0339	229.518		1556.174
4023	IMG_0339	903.603		1587.286
4025	IMG_0339	1681.228	1639.138
4029	IMG_0339	635.398		2176.254
4030	IMG_0339	1166.521	2133.555
4031	IMG_0339	1520.482	2070.039
4032	IMG_0339	1806.845	2030.870
5019	IMG_0339	1808.032	495.703
5026	IMG_0339	1803.658	665.975
5078	IMG_0339	1783.817	1833.605
5079	IMG_0339	1883.926	1839.990
6003	IMG_0339	2021.756	659.678
6004	IMG_0339	2391.967	617.918
6005	IMG_0339	2746.041	548.371
6006	IMG_0339	3262.476	462.826
6007	IMG_0339	3878.955	306.178
6010	IMG_0339	2008.610	1095.297
6011	IMG_0339	2388.622	1061.602
6012	IMG_0339	2830.894	994.933
6013	IMG_0339	3754.030	884.370
6016	IMG_0339	2197.923	1550.938
6018	IMG_0339	3827.484	1423.002
6021	IMG_0339	2010.857	2002.615
6022	IMG_0339	2434.036	2010.511
6023	IMG_0339	2849.773	2034.071
6024	IMG_0339	3884.640	2068.875
7001	IMG_0339	2416.000	2225.000
7002	IMG_0339	3563.000	2307.000
7003	IMG_0339	2277.000	2297.000
7004	IMG_0339	3486.000	2411.000
7005	IMG_0339	1943.000	2415.000
7006	IMG_0339	3429.000	2604.000
7007	IMG_0339	472.000		2619.000
7008	IMG_0339	1080.695	2733.120
7009	IMG_0339	2000.018	2912.398
1091	IMG_0340	1344.805	2977.641
1092	IMG_0340	1776.591	2882.393
1097	IMG_0340	434.882		2749.505
1098	IMG_0340	1304.963	2631.463
1099	IMG_0340	1028.109	2638.437
1100	IMG_0340	918.236		2627.350
1105	IMG_0340	491.149		2417.839
1106	IMG_0340	127.670		2438.187
1107	IMG_0340	1310.502	2341.796
1108	IMG_0340	1672.495	2289.882
1109	IMG_0340	1358.108	2209.843
1113	IMG_0340	530.761		2160.116
1115	IMG_0340	1289.138	2093.436
1116	IMG_0340	1066.434	2095.436
1117	IMG_0340	707.718		2038.350
1122	IMG_0340	603.072		1929.462
1123	IMG_0340	267.144		1933.685
1124	IMG_0340	1298.919	1884.806
1125	IMG_0340	1605.739	1875.613
1129	IMG_0340	7.673		1748.750
1130	IMG_0340	609.340		1739.245
1131	IMG_0340	1275.898	1705.047
1132	IMG_0340	1086.494	1704.079
1133	IMG_0340	1464.595	1620.906
1134	IMG_0340	542.855		1614.663
1137	IMG_0340	391.901		1569.982
1138	IMG_0340	669.474		1560.898
1139	IMG_0340	1294.789	1562.402
1140	IMG_0340	1542.319	1562.345
1141	IMG_0340	72.381		1558.441
1143	IMG_0340	1151.026	1454.408
1145	IMG_0340	152.424		1407.328
1146	IMG_0340	1052.419	1397.419
1147	IMG_0340	290.103		1374.012
1148	IMG_0340	707.450		1380.557
2000	IMG_0340	555.037		1235.010
2001	IMG_0340	939.566		1237.423
2002	IMG_0340	1245.006	1241.931
2004	IMG_0340	110.588		1166.565
2005	IMG_0340	657.701		1181.559
2007	IMG_0340	1206.119	1129.145
2010	IMG_0340	639.061		967.034
2011	IMG_0340	361.938		950.265
2013	IMG_0340	61.206		920.643
2014	IMG_0340	1241.963	986.401
2015	IMG_0340	1449.481	992.834
2016	IMG_0340	734.460		887.860
2018	IMG_0340	652.239		729.179
2019	IMG_0340	17.624		678.532
2020	IMG_0340	1221.902	768.286
2021	IMG_0340	950.437		741.114
2022	IMG_0340	1053.980	669.144
2026	IMG_0340	1484.648	565.697
2027	IMG_0340	279.669		448.009
2028	IMG_0340	1230.807	530.915
2029	IMG_0340	599.956		463.971
2031	IMG_0340	1375.393	498.952
2032	IMG_0340	108.991		372.844
2034	IMG_0340	576.484		211.513
2035	IMG_0340	929.016		250.507
2036	IMG_0340	1228.780	284.466
2037	IMG_0340	801.657		230.968
3001	IMG_0340	1624.000	1274.000
3002	IMG_0340	1735.000	346.000
3004	IMG_0340	1671.000	1455.000
3005	IMG_0340	1830.000	501.000
3007	IMG_0340	1734.000	1727.000
3008	IMG_0340	1916.000	593.000
3010	IMG_0340	1826.000	2164.000
3011	IMG_0340	2113.323	987.415
4016	IMG_0340	15.000		2791.000
4017	IMG_0340	222.857		2143.509
4018	IMG_0340	340.961		1731.223
4019	IMG_0340	440.388		1417.773
4023	IMG_0340	996.573		2352.978
4025	IMG_0340	1049.983	1550.522
4029	IMG_0340	1587.391	2545.905
4030	IMG_0340	1557.131	2050.967
4031	IMG_0340	1501.748	1710.535
4032	IMG_0340	1466.108	1424.206
5078	IMG_0340	1262.544	1444.341
5079	IMG_0340	1269.183	1339.470
6010	IMG_0340	384.932		1167.100
6011	IMG_0340	341.844		717.129
6012	IMG_0340	258.379		173.242
6016	IMG_0340	952.740		986.883
6021	IMG_0340	1442.113	1215.831
6022	IMG_0340	1464.189	778.410
6023	IMG_0340	1501.329	339.147
7001	IMG_0340	1682.000	823.000
7003	IMG_0340	1755.000	975.000
7005	IMG_0340	1866.000	1319.000
7007	IMG_0340	1990.000	2651.000
7008	IMG_0340	2128.137	2123.096
7009	IMG_0340	2346.909	1320.718
7010	IMG_0340	2608.951	225.772
;7014	IMG_0340	2949.043	1922.986
1096	IMG_0341	57.853		241.514
1097	IMG_0341	117.547		1050.488
1098	IMG_0341	210.213		1861.949
1099	IMG_0341	214.342		1591.378
1100	IMG_0341	230.516		1480.892
1104	IMG_0341	423.896		317.527
1105	IMG_0341	468.567		1038.851
1106	IMG_0341	455.057		712.829
1107	IMG_0341	526.486		1795.074
1108	IMG_0341	571.854		2142.629
1109	IMG_0341	666.822		1807.962
1110	IMG_0341	612.066		520.433
1113	IMG_0341	735.233		1026.278
1114	IMG_0341	733.460		374.935
1115	IMG_0341	792.331		1714.414
1116	IMG_0341	794.244		1504.069
1117	IMG_0341	857.697		1161.282
1121	IMG_0341	945.518		439.423
1122	IMG_0341	968.408		1048.485
1123	IMG_0341	964.277		753.698
1124	IMG_0341	1010.141	1674.555
1125	IMG_0341	1016.356	1967.387
1126	IMG_0341	1117.304	285.397
1128	IMG_0341	1125.382	146.228
1129	IMG_0341	1141.158	495.063
1130	IMG_0341	1156.744	1019.224
1131	IMG_0341	1193.838	1612.240
1132	IMG_0341	1194.413	1438.347
1133	IMG_0341	1279.419	1768.072
1134	IMG_0341	1276.891	938.443
1137	IMG_0341	1317.210	802.215
1138	IMG_0341	1330.582	1040.214
1139	IMG_0341	1337.237	1598.032
1140	IMG_0341	1339.122	1828.741
1141	IMG_0341	1323.221	528.047
1142	IMG_0341	1420.878	154.809
1143	IMG_0341	1441.401	1444.100
1145	IMG_0341	1465.322	573.626
1146	IMG_0341	1494.505	1346.035
1147	IMG_0341	1499.100	683.525
1148	IMG_0341	1502.676	1041.608
2000	IMG_0341	1634.826	904.185
2001	IMG_0341	1643.939	1236.530
2002	IMG_0341	1648.100	1506.301
2003	IMG_0341	1681.712	85.481
2004	IMG_0341	1684.922	537.978
2005	IMG_0341	1687.293	998.599
2006	IMG_0341	1737.092	1380.416
2007	IMG_0341	1753.286	1479.040
2008	IMG_0341	1824.194	422.441
2009	IMG_0341	1892.964	73.098
2010	IMG_0341	1881.290	1005.725
2011	IMG_0341	1886.149	775.650
2012	IMG_0341	1896.478	304.525
2013	IMG_0341	1902.127	529.845
2014	IMG_0341	1886.131	1521.411
2015	IMG_0341	1887.927	1705.396
2016	IMG_0341	1954.990	1093.430
2017	IMG_0341	2113.660	55.541
2018	IMG_0341	2089.467	1040.999
2019	IMG_0341	2108.583	525.097
2020	IMG_0341	2080.158	1518.727
2021	IMG_0341	2091.892	1289.427
2022	IMG_0341	2158.459	1381.790
2023	IMG_0341	2203.401	137.710
2024	IMG_0341	2295.111	286.730
2025	IMG_0341	2304.640	39.216
2026	IMG_0341	2268.216	1759.290
2027	IMG_0341	2310.051	764.811
2028	IMG_0341	2284.899	1542.183
2029	IMG_0341	2310.332	1023.422
2030	IMG_0341	2334.091	514.758
2031	IMG_0341	2319.448	1667.301
2032	IMG_0341	2365.436	633.865
2033	IMG_0341	2534.081	512.518
2034	IMG_0341	2515.309	1027.304
2035	IMG_0341	2501.565	1310.469
2036	IMG_0341	2490.414	1556.523
2037	IMG_0341	2510.617	1207.425
2038	IMG_0341	2741.942	229.836
2039	IMG_0341	2737.061	491.103
2040	IMG_0341	2768.031	9.510
2041	IMG_0341	3271.555	435.626
2042	IMG_0341	3273.444	568.603
2044	IMG_0341	3275.064	1731.770
2045	IMG_0341	3375.778	1050.167
2047	IMG_0341	3593.301	1624.333
2048	IMG_0341	3735.767	442.185
2049	IMG_0341	3823.107	935.935
2050	IMG_0341	3840.274	1448.338
2052	IMG_0341	3950.257	1074.289
3001	IMG_0341	1626.662	1875.179
3002	IMG_0341	2467.982	2028.485
3003	IMG_0341	3621.380	2226.916
3004	IMG_0341	1449.939	1970.363
3005	IMG_0341	2339.442	2194.513
3006	IMG_0341	3781.441	2478.499
3007	IMG_0341	1173.246	2108.453
3008	IMG_0341	2264.848	2349.723
3009	IMG_0341	3774.512	2684.506
3010	IMG_0341	709.123		2318.447
3011	IMG_0341	1922.585	2718.435
4011	IMG_0341	923.661		77.381
4012	IMG_0341	1300.297	221.639
4016	IMG_0341	86.542		669.731
4017	IMG_0341	755.049		749.563
4018	IMG_0341	1162.272	784.639
4019	IMG_0341	1461.864	819.106
4023	IMG_0341	523.634		1496.047
4025	IMG_0341	1346.138	1374.201
4029	IMG_0341	293.034		2125.291
4030	IMG_0341	831.741		1964.701
4031	IMG_0341	1188.092	1826.085
4032	IMG_0341	1475.947	1725.894
5019	IMG_0341	1479.023	77.080
5026	IMG_0341	1473.544	282.355
5078	IMG_0341	1453.003	1543.459
5079	IMG_0341	1554.905	1527.393
6003	IMG_0341	1714.898	276.824
6004	IMG_0341	2113.701	290.712
6005	IMG_0341	2486.786	269.398
6006	IMG_0341	3015.313	254.974
6007	IMG_0341	3641.377	174.515
6010	IMG_0341	1692.282	768.588
6011	IMG_0341	2087.201	786.166
6012	IMG_0341	2532.094	775.425
6013	IMG_0341	3422.215	778.312
6014	IMG_0341	3925.755	704.453
6016	IMG_0341	1874.842	1270.434
6018	IMG_0341	3403.941	1315.811
6021	IMG_0341	1678.122	1686.594
6022	IMG_0341	2081.537	1730.424
6023	IMG_0341	2460.595	1785.463
6024	IMG_0341	3359.971	1898.036
6025	IMG_0341	3804.431	1954.739
7001	IMG_0341	2051.794	1958.724
7002	IMG_0341	3050.659	2122.734
7003	IMG_0341	1914.607	2095.859
7004	IMG_0341	2963.060	2305.703
7005	IMG_0341	1596.268	2318.319
7006	IMG_0341	2874.363	2643.153
7007	IMG_0341	178.393		2678.029
7008	IMG_0341	780.393		2874.391
1085	IMG_0342	2237.475	2870.898
1090	IMG_0342	1112.280	2919.924
1091	IMG_0342	1927.820	2780.238
1092	IMG_0342	2280.971	2702.964
1093	IMG_0342	473.790		2842.085
1096	IMG_0342	298.685		2653.181
1097	IMG_0342	1096.625	2574.363
1098	IMG_0342	1833.407	2477.791
1099	IMG_0342	1595.008	2480.501
1100	IMG_0342	1495.542	2469.721
1104	IMG_0342	351.285		2327.402
1105	IMG_0342	1080.160	2278.184
1106	IMG_0342	757.064		2294.029
1107	IMG_0342	1786.253	2220.010
1108	IMG_0342	2092.612	2179.639
1109	IMG_0342	1802.779	2101.837
1110	IMG_0342	550.797		2155.041
1113	IMG_0342	1062.453	2044.282
1114	IMG_0342	388.379		2043.011
1115	IMG_0342	1722.256	1994.651
1116	IMG_0342	1526.669	1992.927
1117	IMG_0342	1194.554	1934.910
1121	IMG_0342	440.818		1842.623
1122	IMG_0342	1079.569	1832.242
1123	IMG_0342	775.172		1830.917
1124	IMG_0342	1692.337	1803.055
1125	IMG_0342	1961.848	1800.983
1126	IMG_0342	255.832		1669.655
1128	IMG_0342	98.783		1657.225
1129	IMG_0342	486.141		1652.594
1130	IMG_0342	1044.648	1654.213
1131	IMG_0342	1637.898	1635.083
1132	IMG_0342	1468.876	1630.296
1133	IMG_0342	1789.005	1559.784
1134	IMG_0342	955.797		1534.522
1137	IMG_0342	808.526		1488.721
1138	IMG_0342	1061.303	1485.853
1139	IMG_0342	1627.492	1500.727
1140	IMG_0342	1848.916	1506.042
1141	IMG_0342	508.104		1470.229
1142	IMG_0342	74.885		1349.857
1143	IMG_0342	1476.261	1394.564
1145	IMG_0342	547.932		1325.244
1146	IMG_0342	1376.599	1337.529
1147	IMG_0342	667.445		1296.175
1148	IMG_0342	1057.264	1313.005
2000	IMG_0342	905.473		1168.787
2001	IMG_0342	1263.366	1181.201
2002	IMG_0342	1543.883	1193.532
2004	IMG_0342	494.528		1091.040
2005	IMG_0342	1008.401	1121.063
2006	IMG_0342	1417.168	1096.094
2007	IMG_0342	1520.177	1086.242
2008	IMG_0342	354.641		931.572
2010	IMG_0342	1015.883	917.283
2011	IMG_0342	758.513		892.662
2012	IMG_0342	212.483		842.022
2013	IMG_0342	476.371		854.363
2014	IMG_0342	1569.869	952.917
2015	IMG_0342	1758.491	964.499
2016	IMG_0342	1113.007	845.004
2018	IMG_0342	1055.862	692.727
2019	IMG_0342	462.856		621.394
2020	IMG_0342	1576.145	747.141
2021	IMG_0342	1330.298	713.595
2022	IMG_0342	1432.859	648.962
2024	IMG_0342	170.073		379.711
2026	IMG_0342	1838.208	565.253
2027	IMG_0342	739.109		412.849
2028	IMG_0342	1611.059	524.990
2029	IMG_0342	1037.815	440.774
2030	IMG_0342	442.807		357.235
2031	IMG_0342	1745.616	499.391
2032	IMG_0342	583.792		333.130
2033	IMG_0342	434.480		116.554
2034	IMG_0342	1044.753	201.351
2035	IMG_0342	1366.741	251.971
2036	IMG_0342	1637.290	294.501
2037	IMG_0342	1250.658	228.718
3001	IMG_0342	1910.039	1235.450
3002	IMG_0342	2133.327	377.573
3004	IMG_0342	1991.589	1410.246
3005	IMG_0342	2293.798	543.988
3007	IMG_0342	2102.586	1668.027
3008	IMG_0342	2441.760	644.948
3010	IMG_0342	2256.365	2069.121
3011	IMG_0342	2750.926	1028.840
4011	IMG_0342	42.000		1855.036
4012	IMG_0342	165.185		1480.305
4016	IMG_0342	728.133		2615.113
4017	IMG_0342	780.664		2025.060
4018	IMG_0342	797.510		1641.393
4019	IMG_0342	818.937		1342.518
4022	IMG_0342	1611.253	2811.747
4023	IMG_0342	1513.929	2225.475
4025	IMG_0342	1405.328	1484.138
4029	IMG_0342	2062.637	2406.392
4030	IMG_0342	1950.048	1961.021
4031	IMG_0342	1839.878	1644.977
4032	IMG_0342	1755.543	1372.667
5026	IMG_0342	216.374		1300.517
5078	IMG_0342	1575.810	1387.520
5079	IMG_0342	1561.787	1286.622
6003	IMG_0342	190.514		1040.065
6004	IMG_0342	183.806		593.058
6005	IMG_0342	140.260		147.010
6010	IMG_0342	754.562		1099.486
6011	IMG_0342	766.777		670.681
6012	IMG_0342	749.505		150.247
6016	IMG_0342	1304.157	945.128
6021	IMG_0342	1726.704	1173.837
6022	IMG_0342	1795.983	763.775
6023	IMG_0342	1878.971	354.404
7001	IMG_0342	2026.683	816.623
7003	IMG_0342	2154.417	973.343
7005	IMG_0342	2339.163	1300.896
7006	IMG_0342	2804.000	34.000
7007	IMG_0342	2521.498	2497.209
7008	IMG_0342	2747.190	2031.012
7009	IMG_0342	3105.140	1343.864
7010	IMG_0342	3511.645	455.639
7013	IMG_0342	3314.332	2798.280
;7014    IMG_0342        3917.000        1867.175
1085	IMG_0343	136.719		2563.571
1091	IMG_0343	208.740		2227.168
1092	IMG_0343	320.026		2554.768
1093	IMG_0343	37.181		805.096
1095	IMG_0343	131.619		67.361
1096	IMG_0343	226.395		589.314
1097	IMG_0343	369.480		1345.600
1098	IMG_0343	525.252		2039.591
1099	IMG_0343	505.206		1806.177
1100	IMG_0343	509.262		1704.065
1104	IMG_0343	575.315		564.735
1105	IMG_0343	681.891		1249.612
1106	IMG_0343	641.326		944.656
1107	IMG_0343	793.262		1914.937
1108	IMG_0343	857.936		2202.171
1109	IMG_0343	917.122		1894.368
1110	IMG_0343	769.497		713.498
1111	IMG_0343	788.290		133.796
1113	IMG_0343	923.045		1171.640
1114	IMG_0343	871.510		535.780
1115	IMG_0343	1021.946	1786.380
1116	IMG_0343	1009.861	1598.386
1117	IMG_0343	1044.423	1266.782
1121	IMG_0343	1078.136	540.765
1122	IMG_0343	1139.432	1133.947
1123	IMG_0343	1116.865	849.797
1124	IMG_0343	1215.191	1702.436
1125	IMG_0343	1236.973	1959.761
1126	IMG_0343	1234.148	330.365
1128	IMG_0343	1233.644	183.106
1129	IMG_0343	1269.896	541.440
1130	IMG_0343	1314.013	1057.552
1131	IMG_0343	1379.552	1604.028
1132	IMG_0343	1371.240	1444.713
1133	IMG_0343	1465.287	1724.310
1134	IMG_0343	1423.643	946.216
1137	IMG_0343	1455.996	801.568
1138	IMG_0343	1479.772	1032.675
1139	IMG_0343	1511.041	1557.823
1140	IMG_0343	1523.022	1766.511
1141	IMG_0343	1448.910	521.935
1142	IMG_0343	1528.444	98.366
1143	IMG_0343	1601.974	1389.621
1145	IMG_0343	1590.794	527.514
1146	IMG_0343	1648.531	1285.097
1147	IMG_0343	1628.137	629.203
1148	IMG_0343	1645.051	988.553
2000	IMG_0343	1770.097	834.253
2001	IMG_0343	1788.825	1162.585
2002	IMG_0343	1800.694	1419.904
2004	IMG_0343	1810.042	462.749
2005	IMG_0343	1824.994	931.400
2006	IMG_0343	1883.643	1304.944
2007	IMG_0343	1901.732	1398.549
2008	IMG_0343	1949.555	345.967
2010	IMG_0343	2017.780	946.620
2011	IMG_0343	2019.110	715.440
2012	IMG_0343	2021.984	224.199
2013	IMG_0343	2031.579	462.699
2014	IMG_0343	2031.215	1445.404
2015	IMG_0343	2036.135	1616.609
2016	IMG_0343	2092.545	1036.017
2018	IMG_0343	2226.528	990.867
2019	IMG_0343	2243.505	466.020
2020	IMG_0343	2220.221	1452.558
2021	IMG_0343	2230.070	1234.162
2022	IMG_0343	2296.394	1325.359
2023	IMG_0343	2341.265	54.391
2024	IMG_0343	2437.345	220.151
2026	IMG_0343	2403.862	1685.458
2027	IMG_0343	2450.036	721.764
2028	IMG_0343	2420.868	1484.531
2029	IMG_0343	2448.813	982.760
2030	IMG_0343	2476.458	463.933
2031	IMG_0343	2454.056	1602.483
2032	IMG_0343	2507.770	588.567
2033	IMG_0343	2684.157	469.762
2034	IMG_0343	2656.168	996.009
2035	IMG_0343	2637.750	1273.491
2036	IMG_0343	2623.025	1507.903
2037	IMG_0343	2648.563	1172.884
2038	IMG_0343	2909.308	175.024
2039	IMG_0343	2896.550	455.472
2041	IMG_0343	3461.724	418.624
2042	IMG_0343	3456.210	558.482
2044	IMG_0343	3393.093	1710.298
2045	IMG_0343	3533.836	1057.881
2047	IMG_0343	3716.263	1625.776
2048	IMG_0343	3951.934	446.860
2049	IMG_0343	4002.174	962.764
2050	IMG_0343	3977.960	1469.411
3001	IMG_0343	1792.389	1780.032
3002	IMG_0343	2593.444	1977.114
3003	IMG_0343	3694.878	2227.444
3004	IMG_0343	1632.858	1910.920
3005	IMG_0343	2468.116	2200.245
3006	IMG_0343	3814.092	2556.471
3007	IMG_0343	1388.412	2098.037
3008	IMG_0343	2396.931	2403.017
3009	IMG_0343	3778.010	2815.064
3010	IMG_0343	993.630		2369.372
3011	IMG_0343	2088.940	2856.323
4010	IMG_0343	517.023		121.563
4011	IMG_0343	1031.090	170.460
4012	IMG_0343	1411.047	208.854
4016	IMG_0343	299.091		998.142
4017	IMG_0343	920.934		901.371
4018	IMG_0343	1306.367	826.289
4019	IMG_0343	1596.928	778.411
4022	IMG_0343	150.631		1921.642
4023	IMG_0343	768.161		1652.667
4025	IMG_0343	1509.709	1348.173
4029	IMG_0343	617.911		2243.646
4030	IMG_0343	1073.080	1996.188
4031	IMG_0343	1384.833	1797.605
4032	IMG_0343	1645.316	1642.716
5019	IMG_0343	1584.737	4.862
5026	IMG_0343	1587.072	219.675
5078	IMG_0343	1616.723	1480.235
5079	IMG_0343	1712.041	1441.226
6003	IMG_0343	1833.510	187.503
6004	IMG_0343	2247.731	217.241
6005	IMG_0343	2638.744	208.645
6006	IMG_0343	3198.965	213.661
6007	IMG_0343	3872.308	153.494
6010	IMG_0343	1823.656	700.265
6011	IMG_0343	2222.935	734.277
6012	IMG_0343	2677.455	742.261
6013	IMG_0343	3599.019	783.768
6016	IMG_0343	2015.949	1205.687
6018	IMG_0343	3546.139	1321.083
6021	IMG_0343	1834.863	1588.891
6022	IMG_0343	2223.055	1649.503
6023	IMG_0343	2590.798	1719.422
6024	IMG_0343	3467.421	1868.467
6025	IMG_0343	3901.009	1942.727
7001	IMG_0343	2196.356	1887.716
7002	IMG_0343	3151.312	2095.495
7003	IMG_0343	2069.334	2073.873
7004	IMG_0343	3053.318	2339.489
7005	IMG_0343	1784.669	2365.073
7006	IMG_0343	2948.899	2766.160
7007	IMG_0343	579.166		2806.078
1124	IMG_0344	1908.594	2959.447
1125	IMG_0344	2172.405	2898.766
1130	IMG_0344	1200.740	2934.433
1131	IMG_0344	1789.655	2784.219
1132	IMG_0344	1620.882	2815.014
1133	IMG_0344	1907.352	2671.200
1134	IMG_0344	1068.720	2820.031
1137	IMG_0344	903.304		2800.794
1138	IMG_0344	1162.060	2743.191
1139	IMG_0344	1729.459	2640.533
1140	IMG_0344	1945.432	2601.599
1141	IMG_0344	582.244		2845.710
1142	IMG_0344	83.647		2801.909
1143	IMG_0344	1542.989	2558.252
1145	IMG_0344	583.066		2676.642
1146	IMG_0344	1427.249	2518.053
1147	IMG_0344	698.403		2619.964
1148	IMG_0344	1102.740	2557.110
2000	IMG_0344	925.817		2433.774
2001	IMG_0344	1287.043	2375.870
2002	IMG_0344	1562.034	2334.203
2004	IMG_0344	505.073		2431.534
2005	IMG_0344	1032.577	2362.198
2006	IMG_0344	1436.514	2257.500
2007	IMG_0344	1534.774	2228.448
2008	IMG_0344	371.580		2288.180
2010	IMG_0344	1045.567	2150.730
2011	IMG_0344	790.519		2173.094
2012	IMG_0344	232.393		2220.514
2013	IMG_0344	505.863		2185.688
2014	IMG_0344	1578.165	2086.710
2015	IMG_0344	1754.272	2065.454
2016	IMG_0344	1141.045	2062.178
2018	IMG_0344	1089.422	1925.524
2019	IMG_0344	511.799		1955.529
2020	IMG_0344	1576.848	1891.201
2021	IMG_0344	1348.798	1899.992
2022	IMG_0344	1441.955	1824.356
2023	IMG_0344	44.909		1886.928
2024	IMG_0344	237.208		1770.498
2026	IMG_0344	1801.064	1690.497
2027	IMG_0344	795.889		1716.782
2028	IMG_0344	1599.537	1687.806
2029	IMG_0344	1076.945	1697.674
2030	IMG_0344	511.878		1709.948
2031	IMG_0344	1715.976	1647.025
2032	IMG_0344	649.889		1667.841
2033	IMG_0344	520.477		1496.330
2034	IMG_0344	1086.857	1489.653
2035	IMG_0344	1375.593	1489.937
2036	IMG_0344	1612.786	1490.125
2037	IMG_0344	1271.577	1485.754
2038	IMG_0344	198.267		1287.278
2039	IMG_0344	507.042		1284.747
2041	IMG_0344	472.548		743.407
2042	IMG_0344	619.648		745.400
2044	IMG_0344	1763.067	779.738
2045	IMG_0344	1128.225	665.681
2047	IMG_0344	1665.588	500.072
2048	IMG_0344	502.375		293.176
2049	IMG_0344	1021.149	251.449
2050	IMG_0344	1506.689	276.218
2052	IMG_0344	1159.596	149.529
2054	IMG_0344	1709.943	53.039
3001	IMG_0344	1937.003	2306.698
3002	IMG_0344	2071.924	1496.396
3003	IMG_0344	2214.649	518.772
3004	IMG_0344	2085.503	2468.293
3005	IMG_0344	2297.938	1611.209
3006	IMG_0344	2499.613	425.584
3007	IMG_0344	2299.522	2716.559
3008	IMG_0344	2497.566	1674.947
3009	IMG_0344	2730.356	460.092
;3011	IMG_0344	2956.404	1956.447
3012	IMG_0344	3205.937	510.640
4012	IMG_0344	217.288		2930.645
4018	IMG_0344	939.694		2975.025
4019	IMG_0344	869.813		2638.493
4025	IMG_0344	1505.677	2668.714
4031	IMG_0344	1990.738	2752.965
4032	IMG_0344	1806.256	2479.836
5026	IMG_0344	224.777		2718.021
5078	IMG_0344	1638.614	2530.794
5079	IMG_0344	1589.365	2428.367
6003	IMG_0344	186.550		2435.966
6004	IMG_0344	229.184		1973.967
6005	IMG_0344	228.867		1560.950
6006	IMG_0344	247.834		999.984
6007	IMG_0344	194.720		365.441
6010	IMG_0344	774.968		2389.560
6011	IMG_0344	810.107		1952.969
6012	IMG_0344	816.795		1485.265
6013	IMG_0344	851.076		611.209
6014	IMG_0344	788.650		137.665
6016	IMG_0344	1325.565	2126.864
6018	IMG_0344	1385.429	651.414
6021	IMG_0344	1736.695	2279.610
6022	IMG_0344	1776.268	1872.216
6023	IMG_0344	1822.240	1508.892
6024	IMG_0344	1904.530	712.357
6025	IMG_0344	1943.354	341.814
7001	IMG_0344	2016.238	1884.021
7002	IMG_0344	2137.783	987.778
7003	IMG_0344	2212.751	2004.450
7004	IMG_0344	2372.970	1076.212
7005	IMG_0344	2527.000	2280.205
7006	IMG_0344	2771.325	1168.405
7008	IMG_0344	3249.799	2928.133
7009	IMG_0344	3450.387	2177.765
7010	IMG_0344	3602.264	1409.715
1091	IMG_0345	28.066		1768.813
1092	IMG_0345	107.160		2551.490
1097	IMG_0345	326.514		390.987
1098	IMG_0345	399.942		1676.685
1099	IMG_0345	405.603		1252.579
1100	IMG_0345	412.496		1093.492
1105	IMG_0345	603.155		560.292
1106	IMG_0345	591.541		111.443
1107	IMG_0345	653.733		1669.402
1108	IMG_0345	691.708		2207.352
1109	IMG_0345	751.669		1730.403
1113	IMG_0345	790.191		668.765
1115	IMG_0345	842.365		1628.893
1116	IMG_0345	839.644		1336.349
1117	IMG_0345	868.956		900.806
1121	IMG_0345	912.000		33.000
1122	IMG_0345	940.527		797.142
1123	IMG_0345	930.444		425.083
1124	IMG_0345	983.392		1634.341
1125	IMG_0345	994.686		2038.011
1129	IMG_0345	1028.500	198.124
1130	IMG_0345	1052.284	835.901
1131	IMG_0345	1092.374	1600.996
1132	IMG_0345	1087.649	1375.757
1133	IMG_0345	1142.852	1827.407
1134	IMG_0345	1113.000	783.000
1137	IMG_0345	1134.000	635.000
1138	IMG_0345	1149.000	925.000
1139	IMG_0345	1172.000	1620.000
1140	IMG_0345	1182.000	1918.000
1141	IMG_0345	1128.000	322.000
1143	IMG_0345	1221.000	1455.000
1145	IMG_0345	1205.000	436.000
1146	IMG_0345	1249.000	1348.000
1147	IMG_0345	1224.000	575.000
1148	IMG_0345	1241.000	987.000
2000	IMG_0345	1353.619	852.823
2001	IMG_0345	1381.436	1235.184
2002	IMG_0345	1398.792	1555.390
2004	IMG_0345	1406.131	444.461
2005	IMG_0345	1428.922	956.796
2006	IMG_0345	1512.627	1393.246
2007	IMG_0345	1536.786	1507.784
2008	IMG_0345	1573.785	325.578
2010	IMG_0345	1676.949	953.911
2011	IMG_0345	1670.157	702.142
2012	IMG_0345	1657.080	204.876
2013	IMG_0345	1676.495	439.952
2014	IMG_0345	1712.377	1536.868
2015	IMG_0345	1725.023	1751.655
2016	IMG_0345	1770.979	1046.971
2018	IMG_0345	1929.680	980.457
2019	IMG_0345	1918.464	438.854
2020	IMG_0345	1950.208	1506.106
2021	IMG_0345	1948.991	1249.998
2022	IMG_0345	2030.970	1345.322
2023	IMG_0345	1996.742	56.995
2024	IMG_0345	2108.223	206.984
2026	IMG_0345	2184.000	1744.000
2027	IMG_0345	2157.000	682.000
2028	IMG_0345	2187.787	1504.127
2029	IMG_0345	2177.531	949.775
2030	IMG_0345	2166.133	432.742
2031	IMG_0345	2233.000	1634.000
2032	IMG_0345	2206.351	552.287
2033	IMG_0345	2374.230	433.846
2034	IMG_0345	2395.812	942.802
2035	IMG_0345	2404.234	1233.300
2036	IMG_0345	2412.448	1492.070
2037	IMG_0345	2403.611	1127.227
2038	IMG_0345	2553.337	175.232
2039	IMG_0345	2572.138	417.056
2041	IMG_0345	3045.000	376.000
2042	IMG_0345	3059.222	494.901
2044	IMG_0345	3177.443	1569.353
2045	IMG_0345	3194.071	923.069
2047	IMG_0345	3431.284	1430.984
2048	IMG_0345	3418.000	390.000
2049	IMG_0345	3533.033	806.959
2050	IMG_0345	3601.911	1250.402
2052	IMG_0345	3644.358	919.066
2054	IMG_0345	3841.126	1427.162
3001	IMG_0345	1454.000	1978.000
3002	IMG_0345	2532.000	1957.000
3003	IMG_0345	3650.000	1933.000
3004	IMG_0345	1394.000	2054.000
3005	IMG_0345	2662.000	2053.000
3007	IMG_0345	1276.000	2174.000
3008	IMG_0345	2835.000	2140.000
3010	IMG_0345	997.000		2402.000
3011	IMG_0345	3112.981	2399.260
4017	IMG_0345	798.899		318.967
4018	IMG_0345	1047.806	551.917
4019	IMG_0345	1212.000	713.000
4022	IMG_0345	18.000		1119.000
4023	IMG_0345	648.750		1229.671
4025	IMG_0345	1171.357	1340.507
4029	IMG_0345	467.911		2124.297
4030	IMG_0345	873.327		1995.976
4031	IMG_0345	1095.268	1882.215
4032	IMG_0345	1253.000	1814.000
5026	IMG_0345	1199.000	116.000
5078	IMG_0345	1234.000	1580.000
5079	IMG_0345	1288.000	1586.000
6003	IMG_0345	1432.089	165.989
6004	IMG_0345	1908.599	202.060
6005	IMG_0345	2306.839	199.292
6006	IMG_0345	2808.178	209.650
6007	IMG_0345	3319.409	165.528
6010	IMG_0345	1424.815	698.140
6011	IMG_0345	1910.086	709.732
6012	IMG_0345	2392.549	690.571
6013	IMG_0345	3204.525	678.955
6014	IMG_0345	3586.444	609.268
6016	IMG_0345	1683.501	1250.996
6018	IMG_0345	3244.290	1163.908
6021	IMG_0345	1447.313	1768.631
6022	IMG_0345	1965.326	1745.774
6023	IMG_0345	2398.963	1742.068
6024	IMG_0345	3269.089	1717.874
6025	IMG_0345	3634.239	1709.531
7001	IMG_0345	2039.000	1969.000
7002	IMG_0345	3125.000	1941.000
7003	IMG_0345	2109.000	2056.000
7004	IMG_0345	3325.000	2032.000
7005	IMG_0345	2128.892	2225.355
7006	IMG_0345	3746.000	2201.000
7007	IMG_0345	836.458		2833.779
7008	IMG_0345	2145.059	2777.156
7009	IMG_0345	3610.473	2740.169
1108	IMG_0346	1895.196	2992.106
1109	IMG_0346	1419.823	2985.758
1115	IMG_0346	1308.903	2899.292
1116	IMG_0346	989.247		2937.184
1117	IMG_0346	475.561		2953.992
1122	IMG_0346	343.593		2881.001
1124	IMG_0346	1306.421	2743.462
1125	IMG_0346	1717.033	2690.316
1130	IMG_0346	381.520		2744.677
1131	IMG_0346	1264.643	2626.333
1132	IMG_0346	1018.014	2652.429
1133	IMG_0346	1498.692	2550.028
1134	IMG_0346	312.000		2672.000
1137	IMG_0346	125.000		2660.000
1138	IMG_0346	484.000		2618.000
1139	IMG_0346	1280.823	2534.605
1140	IMG_0346	1589.141	2500.152
1143	IMG_0346	1097.000	2492.000
1146	IMG_0346	976.000		2468.000
1147	IMG_0346	36.000		2555.000
1148	IMG_0346	552.000		2504.000
2000	IMG_0346	386.587		2389.170
2001	IMG_0346	846.871		2334.875
2002	IMG_0346	1206.996	2296.261
2005	IMG_0346	516.607		2299.285
2006	IMG_0346	1031.210	2185.606
2007	IMG_0346	1159.040	2154.232
2010	IMG_0346	519.426		2023.540
2011	IMG_0346	205.361		2037.807
2014	IMG_0346	1196.010	1969.138
2015	IMG_0346	1424.963	1949.905
2016	IMG_0346	634.929		1917.366
2018	IMG_0346	559.214		1742.550
2020	IMG_0346	1168.961	1720.326
2021	IMG_0346	879.928		1721.610
2022	IMG_0346	991.252		1634.162
2027	IMG_0346	197.256		1482.161
2028	IMG_0346	1172.350	1471.867
2029	IMG_0346	529.332		1467.581
2031	IMG_0346	1316.375	1428.364
2032	IMG_0346	30.904		1423.042
2034	IMG_0346	528.169		1226.876
2035	IMG_0346	872.871		1232.563
2036	IMG_0346	1163.840	1237.731
2037	IMG_0346	748.938		1227.525
2044	IMG_0346	1258.223	465.750
2045	IMG_0346	531.499		360.307
2047	IMG_0346	1114.766	189.879
3001	IMG_0346	1648.000	2214.000
3002	IMG_0346	1650.000	1147.000
3003	IMG_0346	1637.000	58.000
3004	IMG_0346	1729.000	2280.000
3005	IMG_0346	1755.000	1039.000
3007	IMG_0346	1855.000	2397.000
3008	IMG_0346	1849.000	891.000
3010	IMG_0346	2082.902	2672.384
3011	IMG_0346	2112.670	687.012
4018	IMG_0346	23.000		2771.000
4019	IMG_0346	214.000		2559.000
4025	IMG_0346	972.370		2560.761
4030	IMG_0346	1681.262	2824.160
4031	IMG_0346	1556.581	2597.306
4032	IMG_0346	1480.641	2430.081
5078	IMG_0346	1233.000	2468.000
5079	IMG_0346	1237.000	2408.000
6010	IMG_0346	193.760		2317.858
6011	IMG_0346	221.651		1764.512
6012	IMG_0346	214.517		1217.240
6013	IMG_0346	234.953		316.296
6016	IMG_0346	873.210		2008.053
6018	IMG_0346	814.020		341.572
6021	IMG_0346	1433.946	2233.184
6022	IMG_0346	1424.855	1704.576
6023	IMG_0346	1428.861	1265.024
6024	IMG_0346	1413.127	394.555
6025	IMG_0346	1410.584	42.910
7001	IMG_0346	1655.000	1631.000
7002	IMG_0346	1639.000	567.000
7003	IMG_0346	1751.000	1575.000
7004	IMG_0346	1741.000	398.000
7005	IMG_0346	1928.390	1579.559
7006	IMG_0346	1922.203	43.000
7007	IMG_0346	2494.165	2824.699
7008	IMG_0346	2457.545	1627.716
7009	IMG_0346	2440.790	312.109
7013	IMG_0346	3547.402	1322.975
1089	IMG_0347	47.408		494.165
1090	IMG_0347	113.626		1336.531
1091	IMG_0347	266.009		2848.699
1093	IMG_0347	198.924		250.973
1096	IMG_0347	389.638		44.322
1097	IMG_0347	468.797		1286.035
1098	IMG_0347	563.714		2503.353
1099	IMG_0347	559.414		2091.214
1100	IMG_0347	560.114		1921.459
1104	IMG_0347	655.516		220.192
1105	IMG_0347	713.699		1246.737
1106	IMG_0347	692.117		784.670
1107	IMG_0347	774.491		2313.174
1108	IMG_0347	814.875		2795.238
1109	IMG_0347	856.211		2295.539
1110	IMG_0347	778.799		524.782
1113	IMG_0347	878.076		1214.574
1114	IMG_0347	852.197		338.362
1115	IMG_0347	932.666		2137.560
1116	IMG_0347	928.019		1852.420
1117	IMG_0347	948.235		1386.805
1121	IMG_0347	975.325		444.179
1122	IMG_0347	1010.461	1231.579
1123	IMG_0347	997.497		850.494
1124	IMG_0347	1052.490	2040.141
1125	IMG_0347	1064.713	2422.602
1126	IMG_0347	1055.000	263.000
1128	IMG_0347	1060.000	92.000
1129	IMG_0347	1081.594	529.346
1130	IMG_0347	1108.004	1185.452
1131	IMG_0347	1144.000	1927.000
1132	IMG_0347	1141.067	1708.156
1133	IMG_0347	1187.000	2105.000
1134	IMG_0347	1160.000	1081.000
1137	IMG_0347	1179.000	911.000
1138	IMG_0347	1193.000	1201.000
1139	IMG_0347	1214.000	1885.000
1140	IMG_0347	1222.000	2172.000
1141	IMG_0347	1171.000	579.000
1142	IMG_0347	1200.000	141.000
1143	IMG_0347	1256.000	1683.000
1145	IMG_0347	1241.000	641.000
1146	IMG_0347	1281.000	1559.000
1147	IMG_0347	1256.000	771.000
1148	IMG_0347	1274.000	1195.000
2000	IMG_0347	1383.391	1032.538
2001	IMG_0347	1408.455	1417.804
2002	IMG_0347	1422.315	1732.543
2003	IMG_0347	1419.468	97.578
2004	IMG_0347	1440.195	613.175
2005	IMG_0347	1458.945	1140.264
2006	IMG_0347	1537.128	1575.919
2007	IMG_0347	1559.387	1687.589
2008	IMG_0347	1613.794	491.948
2009	IMG_0347	1688.683	111.981
2010	IMG_0347	1708.823	1143.016
2011	IMG_0347	1706.619	887.597
2012	IMG_0347	1701.609	367.221
2013	IMG_0347	1717.538	616.139
2014	IMG_0347	1732.517	1719.896
2015	IMG_0347	1740.678	1927.656
2016	IMG_0347	1800.915	1237.618
2017	IMG_0347	1952.398	121.303
2018	IMG_0347	1961.557	1175.728
2019	IMG_0347	1964.933	622.300
2020	IMG_0347	1967.755	1694.606
2021	IMG_0347	1973.439	1443.813
2022	IMG_0347	2051.728	1538.332
2023	IMG_0347	2056.224	218.796
2024	IMG_0347	2166.055	383.568
2025	IMG_0347	2166.990	127.547
2026	IMG_0347	2190.391	1930.410
2027	IMG_0347	2199.971	881.546
2028	IMG_0347	2201.278	1697.425
2029	IMG_0347	2210.014	1150.888
2030	IMG_0347	2217.083	622.593
2031	IMG_0347	2241.646	1825.825
2032	IMG_0347	2253.394	747.126
2033	IMG_0347	2428.467	629.741
2034	IMG_0347	2427.833	1149.740
2036	IMG_0347	2422.036	1690.738
2037	IMG_0347	2428.003	1332.473
2038	IMG_0347	2623.099	362.527
2039	IMG_0347	2629.904	617.904
2040	IMG_0347	2642.338	147.283
2041	IMG_0347	3112.128	589.548
2042	IMG_0347	3116.504	711.258
2043	IMG_0347	3155.248	127.984
2044	IMG_0347	3161.758	1781.812
2045	IMG_0347	3221.383	1150.381
2046	IMG_0347	3311.164	155.749
2047	IMG_0347	3416.862	1654.657
2048	IMG_0347	3485.119	613.689
2049	IMG_0347	3565.136	1041.613
2050	IMG_0347	3596.181	1482.566
2052	IMG_0347	3665.555	1157.570
2054	IMG_0347	3812.665	1659.835
3001	IMG_0347	1478.574	2170.987
3002	IMG_0347	2526.520	2183.823
3003	IMG_0347	3593.565	2190.094
3004	IMG_0347	1431.949	2321.650
3005	IMG_0347	2659.324	2384.847
3006	IMG_0347	3997.726	2387.768
3007	IMG_0347	1339.309	2562.448
3008	IMG_0347	2830.846	2569.374
3010	IMG_0347	1112.711	2992.190
4012	IMG_0347	1149.000	206.000
4016	IMG_0347	425.513		702.117
4017	IMG_0347	880.083		842.075
4018	IMG_0347	1102.033	891.499
4019	IMG_0347	1249.000	932.000
4022	IMG_0347	227.149		2248.949
4023	IMG_0347	764.281		1888.550
4025	IMG_0347	1212.000	1609.000
4029	IMG_0347	630.972		2873.126
4030	IMG_0347	962.350		2468.687
4031	IMG_0347	1148.000	2200.000
4032	IMG_0347	1284.000	2018.000
5019	IMG_0347	1228.000	60.000
5026	IMG_0347	1233.000	300.000
5078	IMG_0347	1267.000	1801.000
5079	IMG_0347	1313.000	1768.000
6003	IMG_0347	1469.159	318.534
6004	IMG_0347	1961.091	372.072
6005	IMG_0347	2369.902	381.468
6006	IMG_0347	2881.122	407.102
6007	IMG_0347	3403.748	375.361
6010	IMG_0347	1456.989	876.863
6011	IMG_0347	1949.067	901.593
6012	IMG_0347	2435.555	894.948
6013	IMG_0347	3249.083	904.298
6014	IMG_0347	3634.875	843.228
6016	IMG_0347	1709.550	1439.043
6018	IMG_0347	3254.105	1390.373
6021	IMG_0347	1468.067	1939.499
6022	IMG_0347	1976.057	1926.321
6023	IMG_0347	2399.037	1931.192
6024	IMG_0347	3240.213	1926.182
6025	IMG_0347	3590.306	1925.190
7001	IMG_0347	2049.182	2183.795
7002	IMG_0347	3096.111	2181.258
7003	IMG_0347	2127.342	2365.861
7004	IMG_0347	3284.994	2375.785
7005	IMG_0347	2165.448	2703.905
7006	IMG_0347	3685.602	2728.004
1107	IMG_0348	2488.480	2906.946
1108	IMG_0348	2931.332	2841.470
1109	IMG_0348	2462.904	2816.974
1110	IMG_0348	644.989		2994.318
1113	IMG_0348	1383.664	2845.428
1114	IMG_0348	430.046		2916.369
1115	IMG_0348	2305.989	2740.549
1116	IMG_0348	2029.266	2758.408
1117	IMG_0348	1556.115	2756.138
1121	IMG_0348	534.800		2766.081
1122	IMG_0348	1389.510	2692.622
1123	IMG_0348	982.826		2723.601
1124	IMG_0348	2200.989	2611.604
1125	IMG_0348	2563.023	2584.127
1126	IMG_0348	321.000		2673.000
1128	IMG_0348	126.000		2674.000
1129	IMG_0348	619.638		2636.941
1130	IMG_0348	1331.101	2582.183
1131	IMG_0348	2082.419	2512.445
1132	IMG_0348	1866.025	2525.160
1133	IMG_0348	2252.000	2457.000
1134	IMG_0348	1214.766	2523.621
1137	IMG_0348	1033.000	2506.000
1138	IMG_0348	1341.743	2481.891
1139	IMG_0348	2035.000	2435.000
1140	IMG_0348	2310.000	2417.000
1141	IMG_0348	667.000		2527.000
1142	IMG_0348	169.000		2501.000
1143	IMG_0348	1830.000	2394.000
1145	IMG_0348	729.000		2442.000
1146	IMG_0348	1702.000	2370.000
1147	IMG_0348	871.000		2419.000
1148	IMG_0348	1326.000	2388.000
2000	IMG_0348	1151.004	2278.334
2001	IMG_0348	1556.401	2242.677
2002	IMG_0348	1875.602	2220.043
2003	IMG_0348	110.782		2260.504
2004	IMG_0348	694.580		2228.387
2005	IMG_0348	1267.044	2197.695
2006	IMG_0348	1720.496	2107.962
2007	IMG_0348	1833.184	2082.988
2008	IMG_0348	561.466		2045.344
2009	IMG_0348	130.888		1968.311
2010	IMG_0348	1273.908	1938.800
2011	IMG_0348	999.503		1943.263
2012	IMG_0348	422.345		1952.460
2013	IMG_0348	701.773		1933.851
2014	IMG_0348	1868.470	1908.269
2015	IMG_0348	2072.583	1898.254
2016	IMG_0348	1375.325	1842.644
2017	IMG_0348	145.697		1682.119
2018	IMG_0348	1312.670	1677.204
2019	IMG_0348	712.636		1671.201
2020	IMG_0348	1846.646	1672.047
2021	IMG_0348	1593.019	1665.673
2022	IMG_0348	1690.585	1586.558
2023	IMG_0348	259.249		1570.525
2024	IMG_0348	448.753		1454.440
2025	IMG_0348	156.832		1449.745
2026	IMG_0348	2080.742	1452.545
2027	IMG_0348	1000.707	1426.073
2028	IMG_0348	1852.437	1437.972
2029	IMG_0348	1290.041	1420.018
2030	IMG_0348	717.477		1403.887
2031	IMG_0348	1979.426	1399.781
2032	IMG_0348	855.061		1367.763
2033	IMG_0348	729.277		1180.757
2034	IMG_0348	1291.992	1195.498
2035	IMG_0348	1592.757	1207.294
2036	IMG_0348	1848.127	1217.137
2037	IMG_0348	1483.744	1200.450
2038	IMG_0348	434.109		965.523
2039	IMG_0348	719.967		967.985
2040	IMG_0348	190.075		937.254
2041	IMG_0348	698.119		460.842
2042	IMG_0348	831.696		463.687
2043	IMG_0348	182.253		387.691
2044	IMG_0348	1943.101	486.048
2045	IMG_0348	1303.300	384.660
2046	IMG_0348	218.644		224.334
2047	IMG_0348	1819.507	224.569
2048	IMG_0348	732.621		74.402
2049	IMG_0348	1193.434	26.862
2050	IMG_0348	1648.558	32.445
3001	IMG_0348	2305.878	2157.820
3002	IMG_0348	2330.664	1134.869
3003	IMG_0348	2345.571	98.752
3004	IMG_0348	2457.424	2211.404
3005	IMG_0348	2533.006	1026.106
3007	IMG_0348	2696.327	2313.575
3008	IMG_0348	2716.651	880.919
3010	IMG_0348	3111.907	2549.877
3011	IMG_0348	3205.731	676.634
4012	IMG_0348	249.000		2560.000
4017	IMG_0348	984.677		2861.475
4018	IMG_0348	1016.821	2599.860
4019	IMG_0348	1048.000	2424.000
4023	IMG_0348	2079.732	2940.064
4025	IMG_0348	1760.843	2447.196
4030	IMG_0348	2615.545	2694.322
4031	IMG_0348	2345.324	2499.442
4032	IMG_0348	2157.000	2351.000
5019	IMG_0348	68.000		2472.000
5026	IMG_0348	344.000		2460.000
5078	IMG_0348	1947.000	2377.000
5079	IMG_0348	1909.000	2327.000
6003	IMG_0348	363.520		2203.046
6004	IMG_0348	431.829		1674.151
6005	IMG_0348	450.134		1236.433
6006	IMG_0348	489.863		693.640
6007	IMG_0348	467.175		141.532
6010	IMG_0348	984.112		2205.102
6011	IMG_0348	1018.297	1689.125
6012	IMG_0348	1019.273	1180.472
6013	IMG_0348	1042.693	339.562
6016	IMG_0348	1583.595	1934.761
6018	IMG_0348	1551.639	368.223
6021	IMG_0348	2079.647	2169.218
6022	IMG_0348	2074.309	1664.576
6023	IMG_0348	2083.170	1246.707
6024	IMG_0348	2084.264	418.055
6025	IMG_0348	2085.751	74.195
7001	IMG_0348	2326.120	1599.496
7002	IMG_0348	2332.782	580.074
7003	IMG_0348	2509.067	1538.074
7004	IMG_0348	2529.309	422.176
7005	IMG_0348	2842.012	1528.557
7006	IMG_0348	2878.968	88.365
7007	IMG_0348	3838.856	2642.839
7008	IMG_0348	3801.000	1538.866
7009	IMG_0348	3792.105	329.542
1082	IMG_0349	448.392		2982.095
;1083	IMG_0349	207.348		596.706
1083	IMG_0349	357.520		2696.577
1084	IMG_0349	256.185		1876.497
1085	IMG_0349	669.150		2976.681
1089	IMG_0349	151.014		973.618
1090	IMG_0349	353.629		1620.347
1091	IMG_0349	658.977		2540.732
1092	IMG_0349	783.522		2865.469
1096	IMG_0349	315.681		203.736
1097	IMG_0349	594.596		1327.160
1098	IMG_0349	818.296		2167.023
1099	IMG_0349	768.450		1888.413
1100	IMG_0349	747.066		1757.971
1104	IMG_0349	570.490		115.150
1105	IMG_0349	775.637		1101.712
1106	IMG_0349	692.157		681.397
1107	IMG_0349	948.783		1911.300
1108	IMG_0349	1024.001	2216.794
1109	IMG_0349	1007.351	1841.915
1110	IMG_0349	724.361		315.468
1113	IMG_0349	904.592		934.609
1114	IMG_0349	762.602		34.896
1115	IMG_0349	1051.265	1679.299
1116	IMG_0349	1018.554	1457.500
1117	IMG_0349	983.039		1030.212
1121	IMG_0349	890.192		20.220
1122	IMG_0349	1018.851	835.201
1123	IMG_0349	962.411		455.529
1124	IMG_0349	1137.000	1520.000
1125	IMG_0349	1180.561	1807.030
1130	IMG_0349	1099.386	698.499
1131	IMG_0349	1204.000	1358.000
1132	IMG_0349	1180.000	1171.000
1133	IMG_0349	1255.000	1473.000
1134	IMG_0349	1135.000	529.000
1137	IMG_0349	1136.000	336.000
1138	IMG_0349	1178.000	634.000
1139	IMG_0349	1259.000	1269.000
1140	IMG_0349	1289.000	1502.000
1143	IMG_0349	1278.000	1048.000
1146	IMG_0349	1291.000	915.000
1147	IMG_0349	1198.000	84.000
1148	IMG_0349	1254.000	550.000
2000	IMG_0349	1349.544	339.831
2001	IMG_0349	1402.062	743.868
2002	IMG_0349	1437.216	1045.199
2005	IMG_0349	1434.554	457.968
2006	IMG_0349	1537.622	900.178
2007	IMG_0349	1565.035	1005.163
2010	IMG_0349	1691.166	462.698
2011	IMG_0349	1681.261	180.045
2014	IMG_0349	1731.798	1038.765
2015	IMG_0349	1745.257	1224.867
2016	IMG_0349	1787.960	562.788
2018	IMG_0349	1952.077	499.466
2020	IMG_0349	1957.006	1018.475
2021	IMG_0349	1963.307	776.685
2022	IMG_0349	2040.110	869.727
2026	IMG_0349	2163.970	1231.939
2027	IMG_0349	2209.178	175.417
2028	IMG_0349	2181.836	1022.694
2029	IMG_0349	2209.811	474.403
2031	IMG_0349	2215.844	1139.286
2032	IMG_0349	2272.394	22.464
2034	IMG_0349	2435.901	474.634
2035	IMG_0349	2413.590	773.467
2036	IMG_0349	2395.070	1017.599
2037	IMG_0349	2424.216	665.687
2044	IMG_0349	3096.907	1100.635
2045	IMG_0349	3256.552	478.597
2047	IMG_0349	3364.289	983.561
2049	IMG_0349	3634.976	362.085
2050	IMG_0349	3574.394	817.815
2052	IMG_0349	3713.538	488.330
2054	IMG_0349	3749.898	989.341
3001	IMG_0349	1515.760	1451.837
3002	IMG_0349	2454.037	1486.446
3003	IMG_0349	3420.278	1502.404
3004	IMG_0349	1483.691	1637.982
3005	IMG_0349	2542.458	1733.472
3006	IMG_0349	3714.449	1756.583
3007	IMG_0349	1420.194	1915.274
3008	IMG_0349	2659.253	1946.972
3009	IMG_0349	3863.216	1973.857
3010	IMG_0349	1271.082	2351.957
3011	IMG_0349	2794.536	2462.255
4016	IMG_0349	468.532		840.245
4017	IMG_0349	858.247		561.927
4018	IMG_0349	1061.964	391.823
4019	IMG_0349	1205.000	286.000
4022	IMG_0349	563.226		2187.888
4023	IMG_0349	895.302		1601.282
4025	IMG_0349	1234.000	1018.000
4029	IMG_0349	902.232		2366.163
4030	IMG_0349	1105.011	1904.546
4031	IMG_0349	1230.000	1578.000
4032	IMG_0349	1331.000	1332.000
5078	IMG_0349	1299.000	1152.000
5079	IMG_0349	1337.000	1084.000
6010	IMG_0349	1415.876	166.628
6011	IMG_0349	1940.060	196.589
6012	IMG_0349	2461.058	192.136
6013	IMG_0349	3328.782	207.714
6014	IMG_0349	3750.838	143.492
6016	IMG_0349	1700.917	768.417
6018	IMG_0349	3249.034	726.779
6021	IMG_0349	1492.854	1230.119
6022	IMG_0349	1964.333	1226.343
6023	IMG_0349	2358.949	1233.348
6024	IMG_0349	3150.009	1229.703
6025	IMG_0349	3481.738	1229.163
7001	IMG_0349	2026.480	1479.866
7002	IMG_0349	2969.960	1486.816
7003	IMG_0349	2085.198	1704.045
7004	IMG_0349	3088.832	1729.658
7005	IMG_0349	2097.294	2080.542
7006	IMG_0349	3335.718	2131.011
7007	IMG_0349	1280.000	3011.000
7008	IMG_0349	2097.218	2994.000
7009	IMG_0349	3013.000	3001.000
7010	IMG_0349	3784.000	2953.000
1085	IMG_0350	2689.264	2926.546
1091	IMG_0350	2310.358	2973.385
1092	IMG_0350	2586.168	2818.012
1098	IMG_0350	1955.268	2835.981
1099	IMG_0350	1686.444	2915.917
1100	IMG_0350	1553.950	2951.649
1105	IMG_0350	839.332		2985.048
1107	IMG_0350	1698.708	2715.058
1108	IMG_0350	1990.240	2610.616
1109	IMG_0350	1624.993	2655.112
1113	IMG_0350	635.448		2847.945
1115	IMG_0350	1456.379	2619.299
1116	IMG_0350	1222.533	2672.724
1117	IMG_0350	741.836		2746.713
;1122	IMG_0350	508.488		2719.558
;1123	IMG_0350	43.000		2812.000
1124	IMG_0350	1283.497	2533.379
1125	IMG_0350	1580.547	2466.856
1130	IMG_0350	336.000		2630.000
1131	IMG_0350	1100.000	2466.000
1132	IMG_0350	892.000		2504.000
1133	IMG_0350	1225.000	2400.000
1134	IMG_0350	126.000		2592.000
1138	IMG_0350	250.000		2536.000
1139	IMG_0350	1000.000	2406.000
1140	IMG_0350	1254.000	2361.000
1143	IMG_0350	745.000		2395.000
1146	IMG_0350	585.000		2387.000
1148	IMG_0350	140.000		2448.000
2001	IMG_0350	380.672		2270.857
2002	IMG_0350	740.349		2219.514
2005	IMG_0350	27.139		2245.646
2006	IMG_0350	572.968		2114.822
2007	IMG_0350	697.466		2081.619
2010	IMG_0350	40.323		1951.913
2014	IMG_0350	742.001		1899.009
2015	IMG_0350	955.992		1882.190
2016	IMG_0350	168.949		1840.500
2018	IMG_0350	95.229		1653.409
2020	IMG_0350	725.489		1653.341
2021	IMG_0350	438.209		1643.973
2022	IMG_0350	552.330		1560.017
2026	IMG_0350	977.131		1433.627
2028	IMG_0350	738.057		1408.226
2029	IMG_0350	73.546		1358.902
2031	IMG_0350	873.700		1375.086
2034	IMG_0350	83.345		1101.986
2035	IMG_0350	450.692		1143.470
2036	IMG_0350	739.453		1176.504
2037	IMG_0350	319.822		1125.688
2044	IMG_0350	857.255		434.063
2045	IMG_0350	130.113		185.155
2047	IMG_0350	733.169		136.457
3001	IMG_0350	1202.537	2122.301
3002	IMG_0350	1269.563	1144.268
3003	IMG_0350	1307.973	158.282
3004	IMG_0350	1407.101	2155.771
3005	IMG_0350	1539.011	1079.141
3007	IMG_0350	1697.062	2218.454
3008	IMG_0350	1760.700	985.594
3010	IMG_0350	2121.450	2360.412
3011	IMG_0350	2257.001	910.053
4017	IMG_0350	185.643		2934.758
4023	IMG_0350	1382.781	2800.895
4025	IMG_0350	712.000		2449.000
4029	IMG_0350	2135.250	2730.164
4030	IMG_0350	1682.333	2544.029
4031	IMG_0350	1340.464	2425.051
4032	IMG_0350	1063.000	2321.000
5078	IMG_0350	863.000		2367.000
5079	IMG_0350	782.000		2325.000
6016	IMG_0350	419.275		1936.552
6018	IMG_0350	428.366		224.445
6021	IMG_0350	953.505		2152.250
6022	IMG_0350	964.598		1647.295
6023	IMG_0350	984.610		1226.090
6024	IMG_0350	1002.892	394.216
6025	IMG_0350	1012.392	52.983
7001	IMG_0350	1250.951	1588.481
7002	IMG_0350	1281.136	614.313
7003	IMG_0350	1497.810	1540.286
7004	IMG_0350	1543.992	529.818
7005	IMG_0350	1882.708	1549.312
7006	IMG_0350	1952.879	348.119
7007	IMG_0350	2718.001	2344.715
7008	IMG_0350	2717.033	1594.354
7009	IMG_0350	2740.916	761.283
7010	IMG_0350	2713.576	67.714
;7012	IMG_0350	3794.183	2575.577
;7013	IMG_0350	3705.703	1464.876
;7014	IMG_0350	3621.149	359.051
